-- phpMyAdmin SQL Dump
-- version 5.2.1
-- https://www.phpmyadmin.net/
--
-- Anamakine: 127.0.0.1
-- Üretim Zamanı: 24 Ara 2024, 19:58:50
-- Sunucu sürümü: 10.4.32-MariaDB
-- PHP Sürümü: 8.2.12

SET SQL_MODE = "NO_AUTO_VALUE_ON_ZERO";
START TRANSACTION;
SET time_zone = "+00:00";


/*!40101 SET @OLD_CHARACTER_SET_CLIENT=@@CHARACTER_SET_CLIENT */;
/*!40101 SET @OLD_CHARACTER_SET_RESULTS=@@CHARACTER_SET_RESULTS */;
/*!40101 SET @OLD_COLLATION_CONNECTION=@@COLLATION_CONNECTION */;
/*!40101 SET NAMES utf8mb4 */;

--
-- Veritabanı: `obs`
--

-- --------------------------------------------------------

--
-- Tablo için tablo yapısı `academics`
--

CREATE TABLE `academics` (
  `id` int(11) NOT NULL,
  `name` varchar(255) NOT NULL,
  `surname` varchar(255) NOT NULL,
  `nationalId` varchar(255) NOT NULL,
  `username` varchar(255) NOT NULL,
  `password` varchar(255) NOT NULL,
  `isAdmin` int(11) NOT NULL,
  `department_id` int(11) NOT NULL
) ENGINE=InnoDB DEFAULT CHARSET=utf8mb4 COLLATE=utf8mb4_general_ci;

--
-- Tablo döküm verisi `academics`
--

INSERT INTO `academics` (`id`, `name`, `surname`, `nationalId`, `username`, `password`, `isAdmin`, `department_id`) VALUES
(1, 'URAL', 'DEMİR', '1', '1', '1', 1, 3),
(2, 'GÜLÇİN', 'UYANIK', '14680324481', '2481603771', '14680324481', 1, 6),
(3, 'ALİ', 'BARBAROS', '11218056123', '4333206316', '11218056123', 0, 7),
(4, 'BAHATTİN', 'ERTEKİN', '16350271666', '4221220544', '16350271666', 0, 8),
(5, 'TURGAY YILMAZ', 'YILMAZ', '15528718576', '7106484050', '15528718576', 1, 9),
(6, 'MEHMET', 'DOĞAN', '19251346167', '3868758892', '19251346167', 0, 10),
(7, 'ALİ', 'AKPINAR', '10564133173', '6024342589', '10564133173', 0, 11),
(8, 'BÜNYAMİN', 'KAYA', '16109414272', '8515436544', '16109414272', 1, 12),
(9, 'NAGİHAN', 'KUŞKU', '10178127772', '5504155232', '10178127772', 1, 2),
(10, 'GAMZE', 'YALÇINKAYA', '13570935620', '9974466803', '13570935620', 0, 4),
(11, 'KENAN AHMET', 'SEZER', '14314821605', '5359868597', '14314821605', 0, 5),
(12, 'NEBİ', 'DOĞAN', '12752563009', '4875942854', '12752563009', 0, 6),
(13, 'YASER', 'KAYA', '19858312892', '7300108754', '19858312892', 1, 4),
(14, 'SELMA', 'AKSEL', '10255112177', '2872715486', '10255112177', 0, 1),
(15, 'ORHAN', 'ÇİLDİR', '18004498760', '9463251444', '18004498760', 1, 5),
(16, 'BÜNYAMİN', 'ERDOĞAN', '16170373435', '1698111038', '16170373435', 0, 2),
(17, 'HAŞİM ONUR', 'ÖZTÜRK', '11008347438', '6100801136', '11008347438', 0, 8),
(18, 'BİRSEN', 'AYHAN', '18615748405', '6409672843', '18615748405', 0, 10),
(19, 'MEHMET', 'ALDİNÇ', '12004841701', '3745961085', '12004841701', 1, 9),
(20, 'HARUN', 'ÖNER', '10288772524', '7500787173', '10288772524', 1, 11),
(21, 'OKTAY', 'VURAL', '16532809638', '7266052888', '16532809638', 1, 12),
(22, 'TÜMAY', 'ATİK', '17752255988', '3827903199', '17752255988', 1, 13),
(23, 'REYHAN', 'KANDEMİR', '13920830790', '5341357608', '13920830790', 0, 2),
(24, 'ŞENAY', 'YALÇINKAYA', '14476342136', '5223078720', '14476342136', 0, 6),
(25, 'BAHRİ', 'ERTEKİN', '11870323408', '9091321053', '11870323408', 0, 5),
(26, 'UFUK', 'SÖNMEZ', '16081351615', '1787369380', '16081351615', 1, 8),
(27, 'HARUN', 'PEKTAŞ', '12950590730', '7662884019', '12950590730', 1, 7),
(28, 'HÜSEYİN CAHİT', 'GÜLER', '14312261139', '4952312234', '14312261139', 0, 9),
(29, 'NALAN', 'KORKMAZ', '18930815525', '9772909390', '18930815525', 0, 10),
(30, 'NAGİHAN', 'ERDEM', '17069404167', '6007610525', '17069404167', 0, 1),
(31, 'OKTAY', 'SÜRÜM', '14427462390', '8719324730', '14427462390', 1, 7),
(32, 'MAHMUT', 'KAYA', '17227487021', '6573792351', '17227487021', 0, 14),
(33, 'URAL', 'KUŞKU', '17019745083', '5710987846', '17019745083', 0, 12),
(34, 'HARUN', 'ÖĞÜT', '11813512628', '7833562451', '11813512628', 1, 4),
(35, 'TURGAY YILMAZ', 'AYDIN', '19839885622', '3034848994', '19839885622', 1, 11),
(36, 'JALE', 'YILMAZ', '18071252959', '8673557895', '18071252959', 0, 13),
(37, 'FATİH', 'ŞENTÜRK', '18750042222', '6263242772', '18750042222', 0, 13),
(38, 'TESLİME NAZLI', 'YENİDOĞAN', '15170474697', '4295540449', '15170474697', 0, 3),
(39, 'FUAT', 'CANACANKATAN', '10051433115', '1687974207', '10051433115', 0, 14),
(40, 'TURGAY YILMAZ', 'DOĞAN', '18317311488', '3553249966', '18317311488', 0, 1),
(41, 'HATİCE', 'DEĞİRMENCİ', '12101622453', '2702327487', '12101622453', 0, 14),
(42, 'HAYATİ', 'GÜMÜŞ', '10265772225', '1851887814', '10265772225', 1, 3),
(43, 'TUĞSEM', 'MURT', '10596137883', '9152456886', '10596137883', 0, 2),
(44, 'MUSTAFA', 'ERDOĞAN', '10545341505', '3206621264', '10545341505', 1, 4),
(45, 'HARUN', 'KULAKSIZ', '15140263501', '5575735939', '15140263501', 0, 3),
(46, 'MESUDE', 'YALÇINKAYA', '17683647952', '8258816180', '17683647952', 0, 5),
(47, 'ÖZGÜR', 'GÜLŞAN', '17823718133', '5566873359', '17823718133', 1, 7),
(48, 'ÖZEN ÖZLEM', 'ÇAY', '14311817416', '2057918531', '14311817416', 1, 7),
(49, 'ERGÜN', 'KILIÇ', '15541196555', '1588972858', '15541196555', 0, 8),
(50, 'İSMAİL', 'ATİK', '18638041875', '9771108974', '18638041875', 1, 5),
(51, 'UMUT', 'ALMACIOĞLU', '11653725935', '7088626572', '11653725935', 0, 3),
(52, 'EVREN', 'YÜCEL', '12722036888', '5129806217', '12722036888', 1, 8),
(53, 'NEBİ', 'ATİK', '16722766867', '3383151647', '16722766867', 0, 6),
(54, 'MEHMET', 'DOĞAN', '16492964059', '9526339858', '16492964059', 0, 9),
(55, 'KENAN AHMET', 'ÖZTÜRK', '17057912725', '9482244627', '17057912725', 1, 4),
(56, 'REYHAN', 'YAMAN', '14131584099', '8832203836', '14131584099', 1, 9),
(57, 'BİRSEN', 'YÜCEL', '18798451315', '5714285580', '18798451315', 1, 13),
(58, 'KENAN AHMET', 'YARBİL', '16139557794', '1074816666', '16139557794', 1, 10),
(59, 'IRAZCA', 'YİĞİT', '11374769235', '5231226869', '11374769235', 1, 11),
(60, 'OKTAY', 'ŞENTÜRK', '16595502251', '3931684622', '16595502251', 0, 1),
(61, 'MUSTAFA', 'KAYACAN', '11759933985', '2964742781', '11759933985', 1, 2),
(62, 'UFUK', 'SEZER', '10349317260', '2028660316', '10349317260', 1, 12),
(63, 'MERAL LEMAN', 'AKKÜÇÜK', '14357022120', '9249073516', '14357022120', 1, 1),
(64, 'İLHAN', 'GİRAY', '18584847785', '3159386909', '18584847785', 1, 5),
(65, 'SELMA', 'YÜCEL', '15310609784', '5049714274', '15310609784', 0, 2),
(66, 'MEHMET', 'KANDEMİR', '13159850853', '5770410921', '13159850853', 1, 4),
(67, 'SERKAN', 'KUŞKU', '19424716420', '3702912058', '19424716420', 0, 3),
(68, 'FATİH', 'ÇEVİK', '19557622410', '9203327804', '19557622410', 0, 10),
(69, 'HAYATİ', 'KAYA', '11040023841', '6907903126', '11040023841', 0, 1),
(70, 'ŞENAY', 'ACARBULUT', '11691254304', '5929532493', '11691254304', 0, 13),
(71, 'FUAT', 'YİĞİT', '16873835935', '7923953364', '16873835935', 1, 11),
(72, 'MERAL LEMAN', 'ŞELİMAN', '14175049477', '2831169619', '14175049477', 1, 14),
(73, 'EVREN', 'DOĞAN', '19337170485', '7383988278', '19337170485', 0, 14),
(74, 'ERGÜN', 'DOĞAN', '10280006769', '9426432811', '10280006769', 0, 1),
(75, 'SELMA', 'TÜLÜBAŞ', '18601056191', '5980199497', '18601056191', 0, 13),
(76, 'AHMET ALİ', 'ÖZER', '11136084966', '9621699329', '11136084966', 1, 11),
(77, 'HASAN', 'TAHTACI', '14077645126', '2167898430', '14077645126', 0, 6),
(78, 'MAHMUT', 'AYDOĞAN', '17815231307', '7974394442', '17815231307', 0, 14),
(79, 'FERDİ', 'KORKMAZ', '16836005833', '5368277197', '16836005833', 1, 3),
(80, 'SELMA', 'KAYACAN', '17537382806', '1918202934', '17537382806', 0, 12),
(81, 'BİRSEN', 'KILIÇ', '19673382425', '1486183358', '19673382425', 1, 4),
(82, 'SEMİH', 'ÖZTÜRK', '16314441472', '9676308266', '16314441472', 1, 10),
(83, 'HARUN', 'AKPINAR', '16013961747', '6922991532', '16013961747', 1, 2),
(84, 'SERDAL', 'ASLAN', '10726878855', '4586033140', '10726878855', 1, 5),
(85, 'IRAZCA', 'YÜCEL', '13256860977', '1161191382', '13256860977', 1, 6),
(86, 'ÖZGÜR', 'AYDOĞAN', '18158365576', '9047857767', '18158365576', 1, 7),
(87, 'MUSTAFA', 'ŞELİMAN', '11814174600', '4755714963', '11814174600', 1, 8),
(88, 'MUSTAFA', 'DEDE', '17505936207', '4635001795', '17505936207', 0, 10),
(89, 'FATİH', 'TANRIKULU', '11363313187', '7907864360', '11363313187', 0, 12),
(90, 'REYHAN', 'AKBULUT', '18760454516', '6634316691', '18760454516', 0, 9),
(91, 'BAŞAK', 'AKBULUT', '19933893910', '8447990655', '19933893910', 1, 8),
(92, 'KENAN AHMET', 'KORKMAZ', '10746330538', '3337003478', '10746330538', 0, 6),
(93, 'URAL', 'PİŞİRGEN', '19801147651', '8341045701', '19801147651', 1, 7),
(94, 'HAYATİ', 'KOÇ', '13926751216', '3694218348', '13926751216', 1, 11),
(95, 'ERGÜN', 'AKSEL', '14559918735', '1447954914', '14559918735', 0, 9),
(96, 'HÜSEYİN CAHİT', 'ÇİLDİR', '15375368920', '4157119806', '15375368920', 0, 12),
(97, 'NEBİ', 'DOĞAN', '14393394062', '6441734562', '14393394062', 1, 13),
(98, 'FUAT', 'DAL', '10699248440', '9737313668', '10699248440', 1, 1),
(99, 'YÜCEL', 'KOÇ', '16661977155', '1361364934', '16661977155', 1, 14),
(100, 'AKSEL', 'IŞIK', '10936512554', '3594883944', '10936512554', 1, 3),
(101, 'YASER', 'IŞIK', '10417970088', '3890325194', '10417970088', 0, 4),
(102, 'HASAN', 'ADANIR', '16252423628', '7666974413', '16252423628', 0, 5),
(103, 'BAHRİ', 'YÜCEL', '18506397033', '7663896763', '18506397033', 1, 2),
(104, 'MİRAÇ', 'AKBULUT', '14201147864', '5318560852', '14201147864', 0, 6),
(105, 'TÜMAY', 'KÜFECİLER', '16088144598', '2601114246', '16088144598', 0, 8),
(106, 'MESUDE', 'KILIÇ', '18397181035', '5049888953', '18397181035', 0, 9),
(107, 'YUSUF KENAN', 'KORKMAZ', '14958762168', '7446102304', '14958762168', 1, 10),
(108, 'MEHMET', 'ŞELİMAN', '17402278745', '3080844939', '17402278745', 0, 11),
(109, 'ÜLKÜ', 'KORKMAZ', '10984765544', '1065918061', '10984765544', 1, 13),
(110, 'FATİH NAZMİ', 'AYDIN', '15392612065', '4087055762', '15392612065', 1, 12),
(111, 'FATİH NAZMİ', 'SARAÇOĞLU', '14059004395', '7237524905', '14059004395', 0, 14),
(112, 'İLHAN', 'ŞENTÜRK', '17196530315', '4926457516', '17196530315', 0, 1),
(113, 'DİLEK', 'UZ', '12422064119', '1919713144', '12422064119', 1, 2),
(114, 'UMUT', 'TÜRKDOĞAN', '17481138050', '2819193446', '17481138050', 0, 3),
(115, 'GÜLDEHEN', 'TEKİN', '10703483559', '7336828078', '10703483559', 0, 4),
(116, 'KAMİL', 'ŞEN', '14115899715', '9226560328', '14115899715', 0, 7),
(117, 'FUAT', 'ERKURAN', '18398738573', '5122317683', '18398738573', 1, 5),
(118, 'KUBİLAY', 'ALDİNÇ', '19257771273', '5931907706', '19257771273', 1, 7),
(119, 'ERGÜN', 'ŞELİMAN', '14465500707', '4292585761', '14465500707', 1, 9),
(120, 'HAŞİM ONUR', 'ADANIR', '19338370907', '2667205963', '19338370907', 0, 11),
(121, 'GÖKHAN', 'YAVUZ', '15036363595', '8458272811', '15036363595', 1, 13),
(122, 'GÜLÇİN', 'TANRIKULU', '19730405505', '6289746442', '19730405505', 0, 14),
(123, 'ERGÜN', 'KANDEMİR', '19451549979', '5073914052', '19451549979', 0, 1),
(124, 'ÇETİN', 'ALDİNÇ', '15115856597', '5500331215', '15115856597', 0, 2),
(125, 'YASER', 'ADANIR', '10133477624', '2279914193', '10133477624', 0, 3),
(126, 'TUFAN AKIN', 'YİĞİT', '12158071054', '2898577596', '12158071054', 0, 4),
(127, 'BEDRİYE MÜGE', 'ERGE', '12876579412', '6653145681', '12876579412', 0, 5),
(128, 'FULYA', 'YAMAN', '16470184278', '5569995894', '16470184278', 0, 6),
(129, 'AHMET ALİ', 'ERGE', '16495815797', '6890542704', '16495815797', 0, 7),
(130, 'YÜCEL', 'HALHALLI', '19128128989', '7742726115', '19128128989', 1, 8),
(131, 'NEBİ', 'KÜFECİLER', '11391822360', '8042002739', '11391822360', 1, 11),
(132, 'HATİCE', 'YAVAŞİ', '18756549577', '6981835627', '18756549577', 0, 10),
(133, 'EYYUP SABRİ', 'GÜMÜŞAY', '12598947708', '9783170197', '12598947708', 1, 13),
(134, 'ERGÜN', 'AYDIN', '16491994837', '8970344382', '16491994837', 1, 12),
(135, 'MEHMET', 'YİĞİT', '16566844554', '5502211594', '16566844554', 0, 6),
(136, 'UFUK', 'TAHTACI', '11966303005', '8600025102', '11966303005', 1, 12),
(137, 'MESUDE', 'AKSEL', '18797097055', '7493491003', '18797097055', 0, 8),
(138, 'REZAN', 'TÜLÜBAŞ', '18252432870', '1667379988', '18252432870', 1, 10),
(139, 'BEDRİYE MÜGE', 'KAYACAN', '17997067127', '2856427210', '17997067127', 1, 14),
(140, 'NAGİHAN', 'AYDIN', '14227941179', '8279996360', '14227941179', 0, 9),
(142, 'MUZAFFER BURAK', 'KARAKILIÇ', '55566677788', '', '55566677788', 1, 1);

-- --------------------------------------------------------

--
-- Tablo için tablo yapısı `academics_courses`
--

CREATE TABLE `academics_courses` (
  `academic_id` int(11) NOT NULL,
  `course_id` int(11) NOT NULL
) ENGINE=InnoDB DEFAULT CHARSET=utf8mb4 COLLATE=utf8mb4_general_ci;

--
-- Tablo döküm verisi `academics_courses`
--

INSERT INTO `academics_courses` (`academic_id`, `course_id`) VALUES
(14, 675),
(30, 659),
(40, 678),
(60, 644),
(63, 669),
(69, 653),
(74, 653),
(98, 677),
(112, 657),
(123, 655),
(142, 644),
(9, 739),
(16, 751),
(23, 743),
(43, 729),
(61, 736),
(65, 770),
(83, 732),
(103, 770),
(113, 723),
(124, 724),
(1, 800),
(38, 794),
(42, 832),
(45, 794),
(51, 835),
(67, 810),
(79, 800),
(100, 818),
(114, 815),
(125, 820),
(10, 702),
(13, 681),
(34, 691),
(44, 722),
(55, 696),
(66, 705),
(81, 688),
(101, 722),
(115, 712),
(126, 705),
(11, 840),
(15, 834),
(25, 849),
(46, 836),
(50, 860),
(64, 887),
(84, 843),
(102, 882),
(117, 843),
(127, 846),
(2, 984),
(12, 983),
(24, 960),
(53, 970),
(77, 976),
(85, 974),
(92, 964),
(104, 992),
(128, 967),
(135, 959),
(3, 917),
(27, 985),
(31, 937),
(47, 956),
(48, 954),
(86, 932),
(93, 954),
(116, 941),
(118, 948),
(129, 958),
(4, 925),
(17, 895),
(26, 909),
(49, 876),
(52, 909),
(87, 890),
(91, 927),
(105, 889),
(130, 876),
(137, 913),
(5, 1001),
(19, 1019),
(28, 999),
(54, 1037),
(56, 1039),
(90, 1027),
(95, 1001),
(106, 1032),
(119, 1028),
(140, 1041),
(6, 1195),
(18, 1172),
(29, 1187),
(58, 1170),
(68, 1164),
(82, 1170),
(88, 1179),
(107, 1166),
(132, 1184),
(138, 1194),
(7, 1101),
(20, 1119),
(35, 1093),
(59, 1085),
(71, 1075),
(76, 1096),
(94, 1121),
(108, 1078),
(120, 1075),
(131, 1095),
(8, 790),
(21, 775),
(33, 760),
(62, 758),
(80, 757),
(89, 760),
(96, 826),
(110, 787),
(134, 793),
(136, 766),
(22, 1136),
(36, 1155),
(37, 1128),
(57, 1136),
(70, 1140),
(75, 1120),
(97, 1141),
(109, 1159),
(121, 1149),
(133, 1157),
(32, 1067),
(39, 1045),
(41, 1057),
(72, 1071),
(73, 1042),
(78, 1089),
(99, 1063),
(111, 1079),
(122, 1046),
(139, 1061),
(14, 659),
(30, 655),
(40, 661),
(60, 666),
(63, 671),
(69, 672),
(74, 656),
(98, 679),
(112, 675),
(123, 644),
(142, 661),
(9, 742),
(16, 735),
(23, 731),
(43, 738),
(61, 759),
(65, 755),
(83, 779),
(103, 740),
(113, 719),
(124, 759),
(1, 807),
(38, 816),
(42, 837),
(45, 803),
(51, 839),
(67, 815),
(79, 807),
(100, 800),
(114, 803),
(125, 800),
(10, 686),
(13, 692),
(34, 688),
(44, 694),
(55, 701),
(66, 711),
(81, 704),
(101, 692),
(115, 691),
(126, 713),
(11, 856),
(15, 841),
(25, 847),
(46, 854),
(50, 863),
(64, 881),
(84, 874),
(102, 871),
(117, 863),
(127, 857),
(2, 971),
(12, 986),
(24, 964),
(53, 959),
(77, 981),
(85, 963),
(92, 977),
(104, 974),
(128, 976),
(135, 1016),
(3, 928),
(27, 920),
(31, 957),
(47, 916),
(48, 942),
(86, 933),
(93, 946),
(116, 920),
(118, 956),
(129, 933),
(4, 899),
(17, 914),
(26, 897),
(49, 927),
(52, 876),
(87, 900),
(91, 908),
(105, 879),
(130, 930),
(137, 907),
(5, 1004),
(19, 1011),
(28, 1001),
(54, 1021),
(56, 1003),
(90, 1037),
(95, 996),
(106, 1034),
(119, 1004),
(140, 996),
(6, 1179),
(18, 1196),
(29, 1164),
(58, 1188),
(68, 1161),
(82, 1196),
(88, 1174),
(107, 1169),
(132, 1171),
(138, 1179),
(7, 1078),
(20, 1085),
(35, 1105),
(59, 1087),
(71, 1114),
(76, 1118),
(94, 1108),
(108, 1059),
(120, 1085),
(131, 1106),
(8, 786),
(21, 769),
(33, 793),
(62, 786),
(80, 792),
(89, 763),
(96, 784),
(110, 763),
(134, 791),
(136, 826),
(22, 1160),
(36, 1120),
(37, 1149),
(57, 1134),
(70, 1133),
(75, 1139),
(97, 1144),
(109, 1155),
(121, 1157),
(133, 1143),
(32, 1058),
(39, 1063),
(41, 1073),
(72, 1054),
(73, 1036),
(78, 1069),
(99, 1070),
(111, 1060),
(122, 1058),
(139, 1049),
(14, 672),
(30, 643),
(40, 641),
(60, 673),
(63, 644),
(69, 663),
(74, 665),
(98, 646),
(112, 650),
(123, 682),
(142, 676),
(9, 759),
(16, 727),
(23, 719),
(43, 744),
(61, 739),
(65, 753),
(83, 746),
(103, 723),
(113, 725),
(124, 719),
(1, 799),
(38, 808),
(42, 813),
(45, 822),
(51, 808),
(67, 804),
(79, 794),
(100, 824),
(114, 829),
(125, 832),
(10, 681),
(13, 694),
(34, 700),
(44, 686),
(55, 707),
(66, 697),
(81, 716),
(101, 705),
(115, 703),
(126, 691),
(11, 845),
(15, 863),
(25, 885),
(46, 865),
(50, 885),
(64, 858),
(84, 846),
(102, 863),
(117, 856),
(127, 870),
(2, 977),
(12, 997),
(24, 979),
(53, 974),
(77, 972),
(85, 959),
(92, 989),
(104, 987),
(128, 959),
(135, 990),
(3, 949),
(27, 950),
(31, 946),
(47, 923),
(48, 948),
(86, 931),
(93, 931),
(116, 943),
(118, 941),
(129, 940),
(4, 883),
(17, 891),
(26, 877),
(49, 912),
(52, 902),
(87, 883),
(91, 895),
(105, 934),
(130, 907),
(137, 891),
(5, 1033),
(19, 1028),
(28, 1003),
(54, 1022),
(56, 1034),
(90, 1012),
(95, 1019),
(106, 1020),
(119, 1039),
(140, 1004),
(6, 1167),
(18, 1199),
(29, 1162),
(58, 1185),
(68, 1165),
(82, 1174),
(88, 1190),
(107, 1175),
(132, 1163),
(138, 1175),
(7, 1111),
(20, 1114),
(35, 1121),
(59, 1080),
(71, 1078),
(76, 1105),
(94, 1088),
(108, 1106),
(120, 1101),
(131, 1109),
(8, 826),
(21, 793),
(33, 802),
(62, 789),
(80, 793),
(89, 777),
(96, 793),
(110, 784),
(134, 772),
(136, 795),
(22, 1138),
(36, 1127),
(37, 1148),
(57, 1156),
(70, 1155),
(75, 1152),
(97, 1152),
(109, 1142),
(121, 1140),
(133, 1155),
(32, 1051),
(39, 1081),
(41, 1079),
(72, 1068),
(73, 1064),
(78, 1079),
(99, 1062),
(111, 1090),
(122, 1070),
(139, 1052);

-- --------------------------------------------------------

--
-- Tablo için tablo yapısı `consultants`
--

CREATE TABLE `consultants` (
  `academic_id` int(11) NOT NULL,
  `student_id` int(11) NOT NULL
) ENGINE=InnoDB DEFAULT CHARSET=utf8mb4 COLLATE=utf8mb4_general_ci;

--
-- Tablo döküm verisi `consultants`
--

INSERT INTO `consultants` (`academic_id`, `student_id`) VALUES
(128, 1),
(121, 2),
(23, 3),
(70, 4),
(74, 5),
(44, 6),
(136, 7),
(4, 8),
(109, 9),
(37, 10),
(1, 11),
(87, 12),
(8, 13),
(68, 14),
(101, 15),
(70, 16),
(87, 17),
(68, 18),
(10, 19),
(64, 20),
(97, 21),
(131, 22),
(28, 23),
(137, 24),
(43, 25),
(14, 26),
(131, 27),
(42, 28),
(52, 29),
(125, 30),
(88, 31),
(25, 32),
(12, 33),
(120, 34),
(105, 35),
(47, 36),
(106, 37),
(132, 38),
(127, 39),
(83, 40),
(83, 41),
(37, 42),
(123, 43),
(68, 44),
(64, 45),
(56, 46),
(137, 47),
(78, 48),
(99, 49),
(38, 50),
(64, 51),
(85, 52),
(46, 53),
(136, 54),
(15, 55),
(107, 56),
(52, 57),
(24, 58),
(97, 59),
(66, 60),
(9, 61),
(115, 62),
(90, 63),
(87, 64),
(97, 65),
(32, 66),
(111, 67),
(39, 68),
(11, 69),
(31, 70),
(36, 71),
(61, 72),
(90, 73),
(102, 74),
(124, 75),
(77, 76),
(75, 77),
(123, 78),
(136, 79),
(103, 80),
(98, 81),
(114, 82),
(135, 83),
(35, 84),
(106, 85),
(22, 86),
(119, 87),
(56, 88),
(125, 89),
(32, 90),
(43, 91),
(106, 92),
(103, 93),
(108, 94),
(87, 95),
(32, 96),
(23, 97),
(93, 98),
(26, 99),
(28, 100),
(102, 101),
(127, 102),
(78, 103),
(100, 104),
(102, 105),
(4, 106),
(135, 107),
(42, 108),
(38, 109),
(15, 110),
(33, 111),
(23, 112),
(119, 113),
(15, 114),
(41, 115),
(121, 116),
(17, 117),
(127, 118),
(105, 119),
(19, 120),
(22, 121),
(28, 122),
(99, 123),
(79, 124),
(101, 125),
(55, 126),
(98, 127),
(89, 128),
(85, 129),
(19, 130),
(11, 131),
(70, 132),
(118, 133),
(112, 134),
(15, 135),
(57, 136),
(68, 137),
(86, 138),
(133, 139),
(99, 140),
(40, 141),
(40, 142),
(48, 143),
(90, 144),
(14, 145),
(43, 146),
(16, 147),
(38, 148),
(78, 149),
(80, 150),
(134, 151),
(9, 152),
(39, 153),
(125, 154),
(60, 155),
(129, 156),
(39, 157),
(27, 158),
(2, 159),
(73, 160),
(139, 161),
(8, 162),
(124, 163),
(38, 164),
(35, 165),
(122, 166),
(17, 167),
(72, 168),
(92, 169),
(51, 170),
(113, 171),
(50, 172),
(73, 173),
(74, 174),
(108, 175),
(136, 176),
(44, 177),
(22, 178),
(70, 179),
(65, 180),
(22, 181),
(131, 182),
(97, 183),
(27, 184),
(21, 185),
(32, 186),
(118, 187),
(79, 188),
(62, 189),
(39, 190),
(103, 191),
(49, 192),
(61, 193),
(3, 194),
(62, 195),
(4, 196),
(119, 197),
(43, 198),
(45, 199),
(25, 200),
(45, 201),
(45, 202),
(74, 203),
(85, 204),
(66, 205),
(36, 206),
(28, 207),
(58, 208),
(81, 209),
(138, 210),
(135, 211),
(106, 212),
(106, 213),
(127, 214),
(126, 215),
(42, 216),
(51, 217),
(36, 218),
(82, 219),
(60, 220),
(11, 221),
(111, 222),
(132, 223),
(2, 224),
(82, 225),
(34, 226),
(22, 227),
(80, 228),
(111, 229),
(126, 230),
(109, 231),
(32, 232),
(96, 233),
(12, 234),
(66, 235),
(85, 236),
(22, 237),
(106, 238),
(83, 239),
(8, 240),
(118, 241),
(101, 242),
(11, 243),
(26, 244),
(74, 245),
(47, 246),
(98, 247),
(68, 248),
(115, 249),
(23, 250),
(98, 251),
(49, 252),
(129, 253),
(96, 254),
(127, 255),
(84, 256),
(86, 257),
(92, 258),
(69, 259),
(114, 260),
(3, 261),
(98, 262),
(66, 263),
(102, 264),
(80, 265),
(140, 266),
(12, 267),
(92, 268),
(79, 269),
(26, 270),
(28, 271),
(66, 272),
(28, 273),
(127, 274),
(119, 275),
(43, 276),
(60, 277),
(82, 278),
(14, 279),
(50, 280),
(104, 281),
(66, 282),
(58, 283),
(57, 284),
(69, 285),
(41, 286),
(124, 287),
(13, 288),
(127, 289),
(115, 290),
(86, 291),
(25, 292),
(23, 293),
(79, 294),
(100, 295),
(116, 296),
(83, 297),
(86, 298),
(120, 299),
(119, 300),
(71, 301),
(93, 302),
(109, 303),
(39, 304),
(9, 305),
(40, 306),
(78, 307),
(80, 308),
(74, 309),
(45, 310),
(131, 311),
(138, 312),
(48, 313),
(73, 314),
(98, 315),
(133, 316),
(82, 317),
(139, 318),
(81, 319),
(73, 320),
(12, 321),
(82, 322),
(69, 323),
(70, 324),
(92, 325),
(99, 326),
(20, 327),
(31, 328),
(13, 329),
(108, 330),
(140, 331),
(45, 332),
(107, 333),
(40, 334),
(135, 335),
(104, 336),
(81, 337),
(92, 338),
(72, 339),
(115, 340),
(83, 341),
(38, 342),
(124, 343),
(79, 344),
(50, 345),
(30, 346),
(116, 347),
(54, 348),
(37, 349),
(94, 350),
(38, 351),
(140, 352),
(93, 353),
(86, 354),
(68, 355),
(46, 356),
(24, 357),
(52, 358),
(30, 359),
(95, 360),
(111, 361),
(137, 362),
(130, 363),
(105, 364),
(47, 365),
(32, 366),
(114, 367),
(1, 368),
(129, 369),
(38, 370),
(99, 371),
(37, 372),
(89, 373),
(73, 374),
(121, 375),
(93, 376),
(10, 377),
(35, 378),
(41, 379),
(130, 380),
(64, 381),
(117, 382),
(4, 383),
(81, 384),
(79, 385),
(113, 386),
(123, 387),
(112, 388),
(68, 389),
(40, 390),
(16, 391),
(111, 392),
(137, 393),
(50, 394),
(107, 395),
(102, 396),
(30, 397),
(124, 398),
(124, 399),
(75, 400),
(128, 401),
(33, 402),
(56, 403),
(97, 404),
(134, 405),
(74, 406),
(6, 407),
(54, 408),
(34, 409),
(101, 410),
(134, 411),
(31, 412),
(113, 413),
(38, 414),
(89, 415),
(82, 416),
(5, 417),
(41, 418),
(118, 419),
(136, 420),
(16, 421),
(85, 422),
(15, 423),
(94, 424),
(79, 425),
(39, 426),
(61, 427),
(55, 428),
(84, 429),
(15, 430),
(66, 431),
(12, 432),
(36, 433),
(71, 434),
(9, 435),
(44, 436),
(62, 437),
(103, 438),
(54, 439),
(91, 440),
(33, 441),
(84, 442),
(93, 443),
(98, 444),
(62, 445),
(56, 446),
(129, 447),
(63, 448),
(2, 449),
(139, 450),
(63, 451),
(43, 452),
(32, 453),
(108, 454),
(18, 455),
(22, 456),
(134, 457),
(140, 458),
(98, 459),
(42, 460),
(46, 461),
(64, 462),
(40, 463),
(96, 464),
(78, 465),
(53, 466),
(116, 467),
(16, 468),
(25, 469),
(56, 470),
(104, 471),
(110, 472),
(16, 473),
(74, 474),
(121, 475),
(65, 476),
(77, 477),
(3, 478),
(46, 479),
(79, 480),
(84, 481),
(19, 482),
(101, 483),
(113, 484),
(76, 485),
(127, 486),
(78, 487),
(140, 488),
(57, 489),
(78, 490),
(9, 491),
(47, 492),
(8, 493),
(57, 494),
(130, 495),
(25, 496),
(3, 497),
(117, 498),
(71, 499),
(6, 500),
(28, 501),
(133, 502),
(11, 503),
(113, 504),
(27, 505),
(88, 506),
(73, 507),
(11, 508),
(10, 509),
(86, 510),
(136, 511),
(108, 512),
(11, 513),
(58, 514),
(6, 515),
(30, 516),
(71, 517),
(74, 518),
(132, 519),
(134, 520),
(93, 521),
(91, 522),
(65, 523),
(96, 524),
(89, 525),
(5, 526),
(22, 527),
(123, 528),
(4, 529),
(35, 530),
(64, 531),
(125, 532),
(84, 533),
(42, 534),
(119, 535),
(122, 536),
(42, 537),
(18, 538),
(105, 539),
(130, 540),
(31, 541),
(54, 542),
(104, 543),
(104, 544),
(7, 545),
(20, 546),
(122, 547),
(110, 548),
(30, 549),
(110, 550),
(70, 551),
(97, 552),
(136, 553),
(106, 554),
(64, 555),
(66, 556),
(118, 557),
(124, 558),
(107, 559),
(13, 560),
(100, 561),
(115, 562),
(81, 563),
(15, 564),
(21, 565),
(54, 566),
(88, 567),
(85, 568),
(114, 569),
(30, 570),
(57, 571),
(39, 572),
(117, 573),
(71, 574),
(139, 575),
(47, 576),
(46, 577),
(38, 578),
(49, 579),
(138, 580),
(71, 581),
(22, 582),
(10, 583),
(59, 584),
(29, 585),
(66, 586),
(73, 587),
(51, 588),
(68, 589),
(64, 590),
(68, 591),
(80, 592),
(54, 593),
(4, 594),
(58, 595),
(67, 596),
(87, 597),
(52, 598),
(93, 599),
(86, 600),
(119, 601),
(61, 602),
(122, 603),
(103, 604),
(5, 605),
(137, 606),
(88, 607),
(32, 608),
(76, 609),
(102, 610),
(22, 611),
(17, 612),
(12, 613),
(45, 614),
(84, 615),
(37, 616),
(112, 617),
(65, 618),
(10, 619),
(132, 620),
(7, 621),
(96, 622),
(63, 623),
(80, 624),
(115, 625),
(36, 626),
(110, 627),
(101, 628),
(23, 629),
(67, 630),
(54, 631),
(11, 632),
(78, 633),
(3, 634),
(11, 635),
(104, 636),
(83, 637),
(12, 638),
(62, 639),
(57, 640),
(13, 641),
(113, 642),
(38, 643),
(5, 644),
(73, 645),
(5, 646),
(136, 647),
(83, 648),
(34, 649),
(124, 650),
(129, 651),
(131, 652),
(82, 653),
(121, 654),
(98, 655),
(87, 656),
(119, 657),
(22, 658),
(19, 659),
(130, 660),
(115, 661),
(79, 662),
(21, 663),
(3, 664),
(125, 665),
(93, 666),
(140, 667),
(21, 668),
(64, 669),
(48, 670),
(45, 671),
(63, 672),
(50, 673),
(39, 674),
(59, 675),
(11, 676),
(99, 677),
(45, 678),
(2, 679),
(12, 680),
(49, 681),
(19, 682),
(92, 683),
(94, 684),
(69, 685),
(105, 686),
(24, 687),
(60, 688),
(52, 689),
(140, 690),
(115, 691),
(36, 692),
(35, 693),
(15, 694),
(42, 695),
(56, 696),
(114, 697),
(29, 698),
(54, 699),
(92, 700),
(30, 701),
(106, 702),
(120, 703),
(2, 704),
(26, 705),
(130, 706),
(94, 707),
(90, 708),
(28, 709),
(47, 710),
(133, 711),
(95, 712),
(119, 713),
(51, 714),
(126, 715),
(127, 716),
(68, 717),
(7, 718),
(82, 719),
(74, 720),
(56, 721),
(44, 722),
(61, 723),
(92, 724),
(25, 725),
(39, 726),
(14, 727),
(47, 728),
(45, 729),
(50, 730),
(59, 731),
(32, 732),
(74, 733),
(133, 734),
(70, 735),
(137, 736),
(71, 737),
(86, 738),
(99, 739),
(114, 740),
(91, 741),
(132, 742),
(93, 743),
(83, 744),
(9, 745),
(76, 746),
(64, 747),
(115, 748),
(78, 749),
(45, 750),
(119, 751),
(46, 752),
(116, 753),
(95, 754),
(125, 755),
(76, 756),
(111, 757),
(78, 758),
(23, 759),
(20, 760),
(66, 761),
(80, 762),
(48, 763),
(43, 764),
(20, 765),
(47, 766),
(13, 767),
(134, 768),
(98, 769),
(42, 770),
(48, 771),
(21, 772),
(36, 773),
(21, 774),
(115, 775),
(28, 776),
(114, 777),
(21, 778),
(34, 779),
(14, 780),
(120, 781),
(31, 782),
(86, 783),
(93, 784),
(43, 785),
(59, 786),
(69, 787),
(10, 788),
(77, 789),
(43, 790),
(94, 791),
(36, 792),
(69, 793),
(89, 794),
(136, 795),
(134, 796),
(47, 797),
(118, 798),
(20, 799),
(77, 800),
(26, 801),
(108, 802),
(4, 803),
(114, 804),
(4, 805),
(21, 806),
(17, 807),
(35, 808),
(68, 809),
(5, 810),
(135, 811),
(86, 812),
(15, 813),
(130, 814),
(112, 815),
(12, 816),
(14, 817),
(93, 818),
(45, 819),
(72, 820),
(111, 821),
(58, 822),
(18, 823),
(109, 824),
(98, 825),
(1, 826),
(73, 827),
(72, 828),
(48, 829),
(29, 830),
(137, 831),
(54, 832),
(108, 833),
(77, 834),
(96, 835),
(120, 836),
(114, 837),
(66, 838),
(80, 839),
(96, 840),
(62, 841),
(59, 842),
(104, 843),
(116, 844),
(138, 845),
(85, 846),
(100, 847),
(128, 848),
(121, 849),
(132, 850),
(90, 851),
(58, 852),
(80, 853),
(137, 854),
(1, 855),
(36, 856),
(64, 857),
(19, 858),
(129, 859),
(56, 860),
(80, 861),
(38, 862),
(46, 863),
(136, 864),
(77, 865),
(18, 866),
(45, 867),
(104, 868),
(135, 869),
(41, 870),
(4, 871),
(42, 872),
(45, 873),
(128, 874),
(122, 875),
(8, 876),
(17, 877),
(46, 878),
(21, 879),
(140, 880),
(116, 881),
(140, 882),
(94, 883),
(79, 884),
(48, 885),
(119, 886),
(38, 887),
(102, 888),
(137, 889),
(57, 890),
(140, 891),
(75, 892),
(13, 893),
(126, 894),
(9, 895),
(134, 896),
(19, 897),
(114, 898),
(98, 899),
(1, 900),
(32, 901),
(120, 902),
(10, 903),
(92, 904),
(129, 905),
(118, 906),
(123, 907),
(49, 908),
(87, 909),
(86, 910),
(66, 911),
(15, 912),
(45, 913),
(92, 914),
(19, 915),
(3, 916),
(121, 917),
(103, 918),
(42, 919),
(103, 920),
(91, 921),
(16, 922),
(129, 923),
(82, 924),
(57, 925),
(133, 926),
(126, 927),
(11, 928),
(118, 929),
(37, 930),
(85, 931),
(25, 932),
(51, 933),
(14, 934),
(26, 935),
(133, 936),
(61, 937),
(8, 938),
(53, 939),
(1, 940),
(31, 941),
(56, 942),
(65, 943),
(76, 944),
(139, 945),
(123, 946),
(114, 947),
(102, 948),
(140, 949),
(67, 950),
(56, 951),
(106, 952),
(8, 953),
(96, 954),
(120, 955),
(128, 956),
(49, 957),
(100, 958),
(17, 959),
(75, 960),
(67, 961),
(10, 962),
(123, 963),
(104, 964),
(69, 965),
(33, 966),
(57, 967),
(50, 968),
(109, 969),
(11, 970),
(30, 971),
(11, 972),
(59, 973),
(62, 974),
(73, 975),
(4, 976),
(26, 977),
(2, 978),
(7, 979),
(117, 980),
(57, 981),
(4, 982),
(98, 983),
(37, 984),
(39, 985),
(41, 986),
(37, 987),
(38, 988),
(23, 989),
(83, 990),
(112, 991),
(20, 992),
(86, 993),
(1, 994),
(51, 995),
(77, 996),
(51, 997),
(54, 998),
(122, 999),
(118, 1000),
(1, 1001);

-- --------------------------------------------------------

--
-- Tablo için tablo yapısı `courses`
--

CREATE TABLE `courses` (
  `id` int(11) NOT NULL,
  `name` varchar(255) NOT NULL,
  `department_id` int(11) NOT NULL,
  `semester` int(11) NOT NULL,
  `ects` int(11) NOT NULL,
  `isFinished` int(11) NOT NULL
) ENGINE=InnoDB DEFAULT CHARSET=utf8mb4 COLLATE=utf8mb4_general_ci;

--
-- Tablo döküm verisi `courses`
--

INSERT INTO `courses` (`id`, `name`, `department_id`, `semester`, `ects`, `isFinished`) VALUES
(641, 'Ağ Teknolojileri', 1, 2, 2, 0),
(642, 'Veri Tabanı Sistemleri', 1, 2, 3, 0),
(643, 'Sistem Tasarımı', 1, 3, 6, 0),
(644, 'Artificial Intelligence', 1, 4, 6, 0),
(645, 'Veri Yapıları', 1, 1, 2, 0),
(646, 'Web Teknolojileri', 1, 3, 6, 0),
(647, 'Gömülü Sistemler', 1, 5, 2, 0),
(648, 'Programlama Paradigmaları', 1, 2, 5, 0),
(649, 'Matematik Temelleri', 1, 1, 2, 0),
(650, 'Sistem Analizi', 1, 6, 1, 0),
(651, 'Araştırma Teknikleri', 1, 6, 1, 0),
(652, 'Algoritma Analizi', 1, 1, 4, 0),
(653, 'Yazılım Mühendisliği', 1, 3, 6, 0),
(654, 'Robotics', 1, 5, 3, 0),
(655, 'Bilgisayar Grafikleri', 1, 4, 4, 0),
(656, 'İşletim Sistemleri', 1, 2, 4, 0),
(657, 'Big Data', 1, 4, 6, 0),
(658, 'Bilgisayar Mimarisi', 1, 2, 5, 0),
(659, 'Makine Öğrenmesi', 1, 4, 1, 0),
(660, 'Programlamaya Giriş', 1, 1, 3, 0),
(661, 'Proje Yönetimi', 1, 4, 4, 0),
(662, 'İleri Programlama Teknikleri', 1, 5, 3, 0),
(663, 'Bilgisayar Donanımı', 1, 1, 6, 0),
(664, 'Mobil Uygulama Geliştirme', 1, 3, 6, 0),
(665, 'Etik ve Proje', 1, 6, 1, 0),
(666, 'Bilgisayar Laboratuvarı', 1, 6, 5, 0),
(667, 'Veri Analizi', 1, 7, 1, 0),
(668, 'Veri Güvenliği', 1, 5, 3, 0),
(669, 'Mesleki Uygulamalar', 1, 7, 6, 0),
(670, 'Optimizasyon', 1, 6, 1, 0),
(671, 'Uzmanlık Seminerleri', 1, 7, 3, 0),
(672, 'Bilgisayar Mühendisliği Projesi', 1, 7, 3, 0),
(673, 'Staj Projesi', 1, 8, 5, 0),
(674, 'Bitirme Projesi', 1, 8, 1, 0),
(675, 'Araştırma Projeleri', 1, 8, 3, 0),
(676, 'Meslek Semineri', 1, 8, 1, 0),
(677, 'Kod Yazma Teknikleri', 1, 7, 1, 0),
(678, 'Uygulamalı Proje', 1, 5, 2, 0),
(679, 'Bilgisayar Donanım Tasarımı', 1, 8, 5, 0),
(680, 'Temel Fizik', 4, 1, 2, 0),
(681, 'Matematik Temelleri', 4, 1, 6, 0),
(682, 'Kod Kontrol Araçları', 1, 3, 5, 0),
(683, 'Malzeme Bilimi', 4, 1, 5, 0),
(684, 'Isı Transferi', 4, 1, 1, 0),
(685, 'Prototip Teknolojileri', 4, 2, 4, 0),
(686, 'Teknik Resim', 4, 1, 1, 0),
(687, 'Mekanizmalara Giriş', 4, 2, 5, 0),
(688, 'Makine Tasarımı', 4, 2, 6, 0),
(689, 'Sistem Dinamiği', 4, 3, 6, 0),
(690, 'Üretim Teknolojileri', 4, 2, 6, 0),
(691, 'Isıl Sistemler', 4, 3, 4, 0),
(692, 'Motorlar ve Enerji Sistemleri', 4, 4, 4, 0),
(693, 'Termodinamik', 4, 3, 5, 0),
(694, 'Akışkanlar Mekanizması', 4, 3, 1, 0),
(695, 'Dinamik Sistemler', 4, 2, 6, 0),
(696, 'Makine Analizi', 4, 4, 3, 0),
(697, 'Proje Tasarımı', 4, 4, 4, 0),
(698, 'Proses Kontrolü', 4, 3, 5, 0),
(699, 'Kontrol Sistemleri', 4, 4, 5, 0),
(700, 'İleri Üretim Metotları', 4, 4, 6, 0),
(701, 'Mekanik İyileştirme', 4, 5, 6, 0),
(702, 'Kompresyon Mekanizması', 4, 5, 6, 0),
(703, 'Hareket Kontrolü', 4, 5, 5, 0),
(704, 'Endüstriyel Mekanizmalara Giriş', 4, 6, 1, 0),
(705, 'Prototip Testleri', 4, 5, 6, 0),
(706, 'Prototip Analizi', 4, 6, 2, 0),
(707, 'Yapısal Tasarım', 4, 6, 1, 0),
(708, 'Sistem Kontrolü', 4, 6, 1, 0),
(709, 'Maliyet Kontrolü', 4, 7, 3, 0),
(710, 'Üretim Planlaması', 4, 7, 4, 0),
(711, 'Bitirme Projesi', 4, 8, 6, 0),
(712, 'Proses Tasarımı', 4, 7, 6, 0),
(713, 'Staj Projesi', 4, 8, 5, 0),
(714, 'İleri Üretim Sistemleri', 4, 7, 1, 0),
(715, 'Makine Araştırma Teknikleri', 4, 8, 1, 0),
(716, 'Analitik Mekanik', 4, 7, 3, 0),
(717, 'İnovasyon Yönetimi', 4, 8, 3, 0),
(718, 'Tasarım Projeleri', 4, 8, 6, 0),
(719, 'Matematik 1', 2, 1, 4, 0),
(720, 'Fizik 1', 2, 1, 2, 0),
(721, 'Bilgisayar Programlama', 2, 1, 1, 0),
(722, 'Sürdürülebilir Enerji', 4, 5, 6, 0),
(723, 'Kimya', 2, 1, 4, 0),
(724, 'Elektrik Devre Temelleri', 2, 1, 5, 0),
(725, 'Matematik 2', 2, 2, 1, 0),
(726, 'Robot Teknolojisi', 4, 6, 2, 0),
(727, 'Dijital Tasarım', 2, 2, 5, 0),
(728, 'Fizik 2', 2, 2, 3, 0),
(729, 'Mikroişlemciler', 2, 3, 6, 0),
(730, 'Sinyaller ve Sistemler', 2, 2, 6, 0),
(731, 'Elektronik 1', 2, 2, 6, 0),
(732, 'Elektrik Makineleri 1', 2, 3, 4, 0),
(733, 'Kontrol Sistemleri', 2, 4, 2, 0),
(734, 'Elektronik Ölçüm Teknikleri', 2, 5, 5, 0),
(735, 'Elektriksel Güvenlik', 2, 6, 5, 0),
(736, 'Endüstriyel Elektronik', 2, 5, 3, 0),
(737, 'Elektrik Makineleri 2', 2, 4, 5, 0),
(738, 'Elektrik Tesisatı', 2, 5, 5, 0),
(739, 'Sayısal İşaret İşleme', 2, 4, 1, 0),
(740, 'Robotik Sistemler', 2, 5, 3, 0),
(741, 'İletim Hatları', 2, 4, 4, 0),
(742, 'Analog Devreler', 2, 3, 1, 0),
(743, 'Güç Elektroniği', 2, 3, 5, 0),
(744, 'Yenilenebilir Enerji Sistemleri', 2, 5, 6, 0),
(745, 'Optik Elektronik', 2, 6, 6, 0),
(746, 'Veri İletimi', 2, 6, 3, 0),
(747, 'Haberleşme Sistemleri', 2, 7, 3, 0),
(748, 'Bitirme Projesi', 2, 8, 6, 0),
(749, 'Elektrik Araştırma Projesi', 2, 7, 3, 0),
(750, 'Elektronik ve Çevre', 2, 8, 2, 0),
(751, 'Etik ve Hukuk', 2, 8, 6, 0),
(752, 'Telekomünikasyon', 2, 6, 4, 0),
(753, 'Elektrik Enerjisi Sistemleri', 2, 4, 2, 0),
(754, 'Mikrodalga Sistemler', 2, 6, 4, 0),
(755, 'Elektromanyetik Alanlar', 2, 3, 2, 0),
(756, 'Elektrik Sistem Tasarımı', 2, 8, 2, 0),
(757, 'Histoloji', 12, 1, 6, 0),
(758, 'Anatomi 1', 12, 1, 5, 0),
(759, 'Enerji Depolama Sistemleri', 2, 7, 6, 0),
(760, 'Anatomi 2', 12, 2, 2, 0),
(761, 'Tıbbi İngilizce', 12, 1, 5, 0),
(762, 'Biyokimya 2', 12, 2, 5, 0),
(763, 'Halk Sağlığı 1', 12, 2, 3, 0),
(764, 'Farmakoloji 1', 12, 3, 1, 0),
(765, 'Klinik Beceriler 1', 12, 3, 6, 0),
(766, 'Patoloji 2', 12, 4, 5, 0),
(767, 'Farmakoloji 2', 12, 4, 4, 0),
(768, 'Klinik Beceriler 2', 12, 4, 5, 0),
(769, 'Halk Sağlığı 2', 12, 4, 5, 0),
(770, 'Kontrol Projesi', 2, 7, 5, 0),
(771, 'Pediatri', 12, 5, 1, 0),
(772, 'Radyoloji', 12, 4, 4, 0),
(773, 'Embriyoloji', 12, 2, 5, 0),
(774, 'Kadın Doğum', 12, 5, 2, 0),
(775, 'Dahiliye', 12, 5, 4, 0),
(776, 'Kardiyoloji', 12, 6, 3, 0),
(777, 'Ortopedi', 12, 6, 1, 0),
(778, 'Fizyoloji 2', 12, 2, 1, 0),
(779, 'Uzmanlık Konuları', 2, 7, 1, 0),
(780, 'Anesteziyoloji', 12, 6, 1, 0),
(781, 'Tıbbi Genetik', 12, 3, 2, 0),
(782, 'Nöroloji', 12, 6, 6, 0),
(783, 'Enfeksiyon Hastalıkları', 12, 6, 2, 0),
(784, 'Patoloji 1', 12, 3, 2, 0),
(785, 'Uygulamalı Staj', 2, 8, 6, 0),
(786, 'Fizyoloji 1', 12, 1, 3, 0),
(787, 'Mikrobiyoloji', 12, 3, 2, 0),
(788, 'Psikiyatri', 12, 5, 2, 0),
(789, 'Biyokimya 1', 12, 1, 1, 0),
(790, 'Cerrahi', 12, 5, 1, 0),
(791, 'Onkoloji', 12, 7, 2, 0),
(792, 'Toplum Sağlığı Stajı', 12, 8, 5, 0),
(793, 'Fizik Tedavi', 12, 7, 2, 0),
(794, 'Kimya', 3, 1, 6, 0),
(795, 'Tıp Etiği', 12, 7, 6, 0),
(796, 'Matematik 1', 3, 1, 5, 0),
(797, 'Araştırma Projesi', 12, 8, 6, 0),
(798, 'Fizik 1', 3, 1, 3, 0),
(799, 'Bilgisayar Programlama', 3, 1, 1, 1),
(800, 'Fizik 2', 3, 2, 3, 0),
(801, 'Teknik Resim', 3, 2, 4, 0),
(802, 'Geriatri', 12, 7, 5, 0),
(803, 'Toprak Mekaniği', 3, 3, 5, 0),
(804, 'Hidrolik', 3, 3, 6, 0),
(805, 'Geoteknik', 3, 4, 2, 0),
(806, 'Bitirme Stajı', 12, 8, 4, 0),
(807, 'Yapı Statiği', 3, 3, 3, 1),
(808, 'Baraj Mühendisliği', 3, 6, 6, 0),
(809, 'İnşaat Proje Yönetimi', 3, 5, 2, 0),
(810, 'Statik', 3, 1, 5, 0),
(811, 'Çevre Mühendisliği', 3, 6, 2, 0),
(812, 'Şehir Planlama', 3, 5, 3, 0),
(813, 'Çelik Yapılar', 3, 4, 4, 0),
(814, 'Betonarme 1', 3, 3, 6, 0),
(815, 'Ulaşım Mühendisliği', 3, 4, 3, 0),
(816, 'Yol Geometrisi', 3, 4, 3, 0),
(817, 'Betonarme 2', 3, 4, 2, 0),
(818, 'Köprü Tasarımı', 3, 6, 5, 0),
(819, 'Yapı Malzemeleri', 3, 6, 6, 0),
(820, 'Temel İnşaatı', 3, 6, 3, 0),
(821, 'Mukavemet', 3, 2, 6, 0),
(822, 'Mühendislik Ekonomisi', 3, 7, 5, 0),
(823, 'Deprem Mühendisliği', 3, 5, 2, 0),
(824, 'Zemin Mekaniği', 3, 3, 5, 0),
(825, 'Hidroloji', 3, 5, 1, 0),
(826, 'Mesleki Gelişim', 12, 8, 3, 0),
(827, 'Acil Tıp', 12, 7, 2, 0),
(828, 'Uzmanlık Seminerleri', 3, 8, 3, 0),
(829, 'Bitirme Projesi', 3, 8, 4, 0),
(830, 'Araştırma Projesi', 3, 7, 2, 0),
(831, 'İnşaat Hukuku', 3, 8, 5, 0),
(832, 'Uygulamalı Staj', 3, 8, 5, 0),
(833, 'Malzeme Bilimi', 3, 2, 6, 0),
(834, 'Fizik 1', 5, 1, 2, 0),
(835, 'İnşaatta Bilgisayar Uygulamaları', 3, 7, 5, 0),
(836, 'Matematik 1', 5, 1, 5, 0),
(837, 'Meslek Etiği', 3, 8, 2, 0),
(838, 'Su Kaynakları', 3, 5, 2, 0),
(839, 'Yapı Dinamiği', 3, 7, 1, 0),
(840, 'Fizik 2', 5, 2, 1, 0),
(841, 'Üretim Planlama', 5, 2, 6, 0),
(842, 'Matematik 2', 3, 2, 1, 0),
(843, 'Malzeme Bilimi', 5, 3, 2, 0),
(844, 'Genel Kimya', 5, 1, 5, 0),
(845, 'Bilgisayar Programlama', 5, 1, 1, 0),
(846, 'İstatistik', 5, 3, 2, 0),
(847, 'Ekonomi 2', 5, 2, 5, 0),
(848, 'Ekonomi 1', 5, 1, 1, 0),
(849, 'Operasyon Araştırması 1', 5, 3, 6, 0),
(850, 'Endüstriyel Tasarım', 5, 2, 2, 0),
(851, 'Yapım Teknikleri', 3, 7, 5, 0),
(852, 'Klinik Uygulama', 12, 8, 4, 0),
(853, 'Lojistik Yönetimi', 5, 4, 2, 0),
(854, 'Maliyet Analizi', 5, 3, 1, 0),
(855, 'Üretim Sistemleri', 5, 4, 4, 0),
(856, 'Operasyon Araştırması 2', 5, 4, 1, 0),
(857, 'Tedarik Zinciri Yönetimi', 5, 5, 4, 0),
(858, 'Kalite Yönetimi', 5, 5, 6, 0),
(859, 'Endüstri 4.0', 5, 7, 5, 0),
(860, 'Proje Yönetimi', 5, 6, 6, 0),
(861, 'Endüstriyel Otomasyon', 5, 5, 4, 0),
(862, 'Mühendislik Ekonomisi', 5, 6, 4, 0),
(863, 'İnsan Kaynakları Yönetimi', 5, 5, 5, 0),
(864, 'Verimlilik Yönetimi', 5, 7, 4, 0),
(865, 'Ergonomi', 5, 5, 4, 0),
(866, 'Sürdürülebilirlik', 5, 7, 2, 0),
(867, 'Risk Yönetimi', 5, 7, 3, 0),
(868, 'Üretim Teknolojileri', 5, 6, 4, 0),
(869, 'Matematik 2', 5, 2, 6, 0),
(870, 'Sistem Simülasyonu', 5, 4, 4, 0),
(871, 'Veri Analizi', 5, 4, 5, 0),
(872, 'Enerji Sistemleri', 5, 6, 4, 0),
(873, 'Hukuka Giriş', 8, 1, 4, 0),
(874, 'Yalın Üretim', 5, 3, 5, 0),
(875, 'Bitirme Projesi', 5, 8, 3, 0),
(876, 'Ceza Hukuku 1', 8, 2, 1, 0),
(877, 'Roma Hukuku', 8, 1, 4, 0),
(878, 'Uygulamalı Staj', 5, 8, 1, 0),
(879, 'Borçlar Hukuku 2', 8, 3, 4, 0),
(880, 'İdare Hukuku', 8, 2, 6, 0),
(881, 'Mesleki Seminer', 5, 8, 6, 0),
(882, 'Stratejik Yönetim', 5, 6, 3, 0),
(883, 'İnsan Hakları Hukuku', 8, 2, 4, 0),
(884, 'Meslek Etiği', 5, 8, 6, 0),
(885, 'Araştırma Projesi', 5, 7, 4, 0),
(886, 'Hukuk Metodolojisi', 8, 3, 6, 0),
(887, 'Liderlik ve İletişim', 5, 8, 1, 0),
(888, 'Ticaret Hukuku 1', 8, 3, 6, 0),
(889, 'Borçlar Hukuku 1', 8, 2, 1, 0),
(890, 'Vergi Hukuku', 8, 4, 5, 0),
(891, 'Kamu Hukuku', 8, 3, 2, 0),
(892, 'Çevre Hukuku', 8, 5, 2, 0),
(893, 'Hukuk Felsefesi', 8, 1, 2, 0),
(894, 'Deniz Hukuku', 8, 5, 4, 0),
(895, 'Medeni Hukuk 2', 8, 2, 2, 0),
(896, 'Ceza Hukuku 2', 8, 3, 4, 0),
(897, 'Şirketler Hukuku', 8, 6, 5, 0),
(898, 'Sigorta Hukuku', 8, 6, 3, 0),
(899, 'İş Hukuku', 8, 4, 5, 0),
(900, 'Tahkim', 8, 6, 5, 0),
(901, 'Avukatlık Hukuku', 8, 7, 3, 0),
(902, 'Tüketici Hukuku', 8, 6, 3, 0),
(903, 'Miras Hukuku', 8, 4, 1, 0),
(904, 'Bitirme Projesi', 8, 8, 2, 0),
(905, 'Bilişim Hukuku', 8, 5, 1, 0),
(906, 'Anayasa Hukuku', 8, 1, 4, 0),
(907, 'Ceza Usul Hukuku', 8, 4, 5, 0),
(908, 'Rekabet Hukuku', 8, 6, 6, 0),
(909, 'Ticaret Hukuku 2', 8, 4, 1, 0),
(910, 'Enerji Hukuku', 8, 5, 6, 0),
(911, 'İşletme Hukuku', 8, 7, 4, 0),
(912, 'Araştırma Seminerleri', 8, 8, 6, 0),
(913, 'Uluslararası Ceza Hukuku', 8, 7, 6, 0),
(914, 'Hukuk Uygulamaları', 8, 7, 6, 0),
(915, 'Gelişim Psikolojisi 2', 7, 2, 6, 0),
(916, 'Sosyal Psikoloji 2', 7, 2, 6, 0),
(917, 'Kişilik Psikolojisi', 7, 2, 4, 0),
(918, 'Psikolojiye Giriş', 7, 1, 1, 0),
(919, 'Meslek Etiği', 8, 7, 5, 0),
(920, 'Sosyal Psikoloji 1', 7, 1, 5, 0),
(921, 'Deneysel Psikoloji', 7, 2, 4, 0),
(922, 'İstatistik', 7, 2, 3, 0),
(923, 'Psikoloji Tarihi', 7, 1, 1, 0),
(924, 'Gelişim Psikolojisi 1', 7, 1, 2, 0),
(925, 'Uluslararası Hukuk', 8, 5, 1, 0),
(926, 'Psikopatoloji 2', 7, 4, 3, 0),
(927, 'Mesleki Gelişim', 8, 8, 2, 0),
(928, 'Psikopatoloji 1', 7, 3, 6, 0),
(929, 'Staj', 8, 8, 6, 0),
(930, 'Adli Uygulamalar', 8, 8, 3, 0),
(931, 'Psikoterapi Teknikleri', 7, 4, 5, 0),
(932, 'Biyolojik Psikoloji', 7, 1, 2, 0),
(933, 'Ölçme ve Değerlendirme', 7, 3, 6, 0),
(934, 'Medeni Hukuk 1', 8, 1, 5, 0),
(935, 'Aile Psikolojisi', 7, 4, 2, 0),
(936, 'Klinik Psikoloji 1', 7, 3, 5, 0),
(937, 'İş ve Örgüt Psikolojisi', 7, 4, 6, 0),
(938, 'Klinik Psikoloji 2', 7, 4, 4, 0),
(939, 'Nöropsikoloji', 7, 3, 1, 0),
(940, 'Çocuk Psikolojisi', 7, 3, 2, 0),
(941, 'Psikolojik Danışma', 7, 5, 4, 0),
(942, 'Psikolojik Testler', 7, 5, 1, 0),
(943, 'Travma Psikolojisi', 7, 6, 4, 0),
(944, 'Eğitim Psikolojisi', 7, 5, 6, 0),
(945, 'Sanat Terapisi', 7, 6, 4, 0),
(946, 'Kariyer Danışmanlığı', 7, 6, 6, 0),
(947, 'Grupla Psikolojik Danışma', 7, 7, 2, 0),
(948, 'Araştırma Yöntemleri', 7, 7, 5, 0),
(949, 'Psikolojik Süreçler', 7, 7, 3, 0),
(950, 'Sağlık Psikolojisi', 7, 6, 2, 0),
(951, 'Bağımlılık Psikolojisi', 7, 5, 1, 0),
(952, 'Stres Yönetimi', 7, 5, 4, 0),
(953, 'Spor Psikolojisi', 7, 6, 4, 0),
(954, 'Etik İlkeler', 7, 7, 3, 0),
(955, 'Araştırma Projesi', 7, 7, 2, 0),
(956, 'Mesleki Seminer', 7, 8, 4, 0),
(957, 'Uygulamalı Staj', 7, 8, 4, 0),
(958, 'Bitirme Projesi', 7, 8, 5, 0),
(959, 'Matematik 1', 6, 1, 2, 0),
(960, 'İşletmeye Giriş', 6, 1, 2, 0),
(961, 'İşletme Yönetimi', 6, 2, 6, 0),
(962, 'İnsan Kaynakları Yönetimi', 6, 2, 3, 0),
(963, 'İşletme Analizi', 6, 3, 5, 0),
(964, 'Pazarlama 1', 6, 1, 1, 0),
(965, 'Uzmanlık Alanı', 7, 8, 5, 0),
(966, 'Tüketici Davranışı', 6, 4, 5, 0),
(967, 'Tedarik Zinciri', 6, 2, 5, 0),
(968, 'Organizasyon Teorisi', 6, 3, 2, 0),
(969, 'İhracat İthalat', 6, 3, 5, 0),
(970, 'Finansal Yönetim', 6, 3, 3, 0),
(971, 'Marka Yönetimi', 6, 4, 4, 0),
(972, 'Mikro Ekonomi', 6, 1, 4, 0),
(973, 'Üretim Yönetimi', 6, 2, 3, 0),
(974, 'Proje Yönetimi', 6, 5, 1, 0),
(975, 'Analiz Teknikleri', 6, 5, 1, 0),
(976, 'Maliyet Kontrolü', 6, 4, 3, 0),
(977, 'İşletme Ekonomisi', 6, 5, 5, 0),
(978, 'İşletme Uygulamaları', 6, 5, 4, 0),
(979, 'İşletme Temelleri', 6, 1, 3, 0),
(980, 'Etik ve İş Ahlakı', 6, 6, 5, 0),
(981, 'Kurumsal İletişim', 6, 3, 6, 0),
(982, 'Stratejik Yönetim', 6, 5, 6, 0),
(983, 'Kriz Yönetimi', 6, 6, 5, 0),
(984, 'İnovasyon Yönetimi', 6, 4, 5, 0),
(985, 'Meslek Etiği', 7, 8, 4, 0),
(986, 'Finans 1', 6, 2, 6, 0),
(987, 'Rekabet Stratejileri', 6, 4, 5, 0),
(988, 'Risk Yönetimi', 6, 6, 4, 0),
(989, 'Üretim Teknolojileri', 6, 6, 6, 0),
(990, 'İşletme Stratejisi', 6, 7, 1, 0),
(991, 'Kariyer Planlama', 6, 6, 3, 0),
(992, 'Araştırma Projesi', 6, 7, 1, 0),
(993, 'Uygulamalı Staj', 6, 8, 6, 0),
(994, 'Hedef Yönetimi', 6, 8, 1, 0),
(995, 'Ekonomiye Giriş', 9, 1, 6, 0),
(996, 'Mikro Ekonomi', 9, 1, 3, 0),
(997, 'İşletme Analitiği', 6, 8, 3, 0),
(998, 'Staj Projesi', 6, 7, 4, 0),
(999, 'Makro Ekonomi', 9, 1, 3, 0),
(1000, 'İstatistik', 9, 1, 6, 0),
(1001, 'Matematik Temelleri', 9, 1, 5, 0),
(1002, 'Enflasyon', 9, 3, 3, 0),
(1003, 'Ekonomi Tarihi', 9, 2, 3, 0),
(1004, 'İhtiyat ve Tüketim', 9, 2, 6, 0),
(1005, 'Pazar Araştırmaları', 6, 8, 4, 0),
(1006, 'İş Döngüleri', 9, 3, 2, 0),
(1007, 'Üretim ve Dağıtım', 9, 2, 3, 0),
(1008, 'İhracat ve İthalat', 9, 5, 3, 0),
(1009, 'Ekonomik Politikalar', 9, 4, 1, 0),
(1010, 'Bütçe Planlaması', 9, 4, 6, 0),
(1011, 'Vergi Ekonomisi', 9, 4, 4, 0),
(1012, 'Finansal İktisat', 9, 4, 1, 0),
(1013, 'Piyasalar ve Ekonomi', 9, 2, 5, 0),
(1014, 'Tedarik Zinciri Ekonomisi', 9, 4, 3, 0),
(1015, 'Uluslararası Ticaret', 9, 5, 5, 0),
(1016, 'Bitirme Projesi', 6, 8, 4, 0),
(1017, 'Dış Ticaret', 9, 3, 5, 0),
(1018, 'Küreselleşme', 9, 5, 5, 0),
(1019, 'Hesaplamalı İktisat', 9, 6, 6, 0),
(1020, 'Ekonometrik Analiz', 9, 6, 1, 0),
(1021, 'İşgücü Ekonomisi', 9, 3, 5, 0),
(1022, 'Global Ekonomi', 9, 5, 4, 0),
(1023, 'Meslek Etiği', 9, 6, 5, 0),
(1024, 'Kalkınma Ekonomisi', 9, 6, 5, 0),
(1025, 'Tüketici Ekonomisi', 9, 7, 3, 0),
(1026, 'Araştırma Projesi', 9, 6, 1, 0),
(1027, 'Para Teorisi', 9, 3, 1, 0),
(1028, 'İnovasyon ve Girişimcilik', 9, 7, 1, 0),
(1029, 'Ekonomik Strateji', 9, 7, 3, 0),
(1030, 'Meslek Seminerleri', 6, 7, 6, 0),
(1031, 'Rekabet Ekonomisi', 9, 5, 2, 0),
(1032, 'İktisat Teorisi', 9, 2, 2, 0),
(1033, 'Bitirme Projesi', 9, 8, 4, 0),
(1034, 'İktisadi Analiz', 9, 7, 1, 0),
(1035, 'Kariyer Gelişimi', 9, 8, 5, 0),
(1036, 'Temel Tasarım', 14, 1, 3, 0),
(1037, 'Veri Analizi', 9, 8, 4, 0),
(1038, 'Bilgisayar Destekli Tasarım (CAD)', 14, 1, 1, 0),
(1039, 'Proje Yönetimi', 9, 7, 4, 0),
(1040, 'İllüstrasyon', 14, 1, 5, 0),
(1041, 'Ekonomik Seminerler', 9, 8, 6, 0),
(1042, 'Malzeme Bilimi', 14, 2, 1, 0),
(1043, 'Uygulamalı Staj', 9, 8, 1, 0),
(1044, 'Performans Yönetimi', 6, 7, 5, 0),
(1045, 'Matematik', 14, 1, 5, 0),
(1046, 'İç Mekan Tasarımı', 14, 3, 1, 0),
(1047, 'Kentsel Planlama', 14, 4, 5, 0),
(1048, 'Prototip Tasarımı', 14, 2, 1, 0),
(1049, 'İnşaat Uygulamaları', 14, 2, 4, 0),
(1050, 'Analiz Teknikleri', 14, 7, 1, 0),
(1051, 'Kariyer Gelişimi', 14, 8, 1, 0),
(1052, 'Işık Tasarımı', 14, 5, 1, 0),
(1053, 'Meslek Etik Kuralları', 14, 7, 2, 0),
(1054, 'Modern Mimari', 14, 7, 2, 0),
(1055, 'Yapı Tasarım Semineri', 14, 8, 3, 0),
(1056, 'Biyokimya', 11, 1, 2, 0),
(1057, 'Bitirme Projesi', 14, 8, 2, 0),
(1058, 'Sanat ve Tasarım', 14, 7, 2, 0),
(1059, 'Fizyoloji', 11, 2, 2, 0),
(1060, 'Uygulamalı Staj', 14, 8, 1, 0),
(1061, 'Sürdürülebilir Planlama', 14, 7, 2, 0),
(1062, 'İnşaat Maliyetleri', 14, 6, 2, 0),
(1063, 'Geometri', 14, 1, 2, 0),
(1064, 'Mimari Tasarım 2', 14, 4, 4, 0),
(1065, 'Fonksiyonellik', 14, 3, 6, 0),
(1066, 'Yapı Dinamiği', 14, 4, 6, 0),
(1067, 'Estetik', 14, 3, 1, 0),
(1068, '3D Modelleme', 14, 3, 3, 0),
(1069, 'Çevre Tasarımı', 14, 4, 1, 0),
(1070, 'Sürdürülebilir Mimari', 14, 4, 3, 0),
(1071, 'Teknik Çizim', 14, 6, 4, 0),
(1072, 'Mesleki Araştırma', 14, 8, 3, 0),
(1073, 'Mimari Tasarım 1', 14, 3, 3, 0),
(1074, 'İnşaat Teknikleri', 14, 5, 6, 0),
(1075, 'Matematik Temelleri', 11, 1, 2, 0),
(1076, 'Teknik Resim', 14, 2, 3, 0),
(1077, 'Genetik 1', 11, 1, 1, 0),
(1078, 'Evrim', 11, 2, 5, 0),
(1079, 'Prototip Üretimi', 14, 6, 6, 0),
(1080, 'Genetik 2', 11, 2, 5, 0),
(1081, 'Estetik Tasarım', 14, 6, 6, 0),
(1082, 'Fizik ve Biyoloji', 11, 1, 4, 0),
(1083, 'Yapı Projeleri', 14, 5, 6, 0),
(1084, 'Yapı Bilgisi', 14, 2, 2, 0),
(1085, 'Temel Biyoloji', 11, 1, 6, 0),
(1086, 'Kompresyon Mekanizması', 14, 5, 3, 0),
(1087, 'Hücre Yapısı', 11, 2, 6, 0),
(1088, 'Organizmalar ve Ekosistem', 11, 2, 2, 0),
(1089, 'Proje Yönetimi', 14, 6, 3, 0),
(1090, 'Şehir Planlama', 14, 5, 3, 0),
(1091, 'Botanik', 11, 3, 5, 0),
(1092, 'Immunoloji', 11, 3, 4, 0),
(1093, 'Mikrobioloji', 11, 3, 6, 0),
(1094, 'Araştırma Yöntemleri', 11, 3, 5, 0),
(1095, 'Genetik Araştırma', 11, 4, 6, 0),
(1096, 'Biyolojik Ölçüm Teknikleri', 11, 4, 1, 0),
(1097, 'Tıbbi Biyoloji', 11, 4, 2, 0),
(1098, 'DNA Teknolojisi', 11, 3, 3, 0),
(1099, 'Farmakobioloji', 11, 5, 4, 0),
(1100, 'Metabolizma', 11, 5, 3, 0),
(1101, 'Çevre Biyolojisi', 11, 4, 4, 0),
(1102, 'Nöron Mekanizması', 11, 5, 5, 0),
(1103, 'Üreme ve Gelişim', 11, 5, 1, 0),
(1104, 'Fizyolojik Mekanizmalar', 11, 4, 3, 0),
(1105, 'Biyoinformatik', 11, 6, 3, 0),
(1106, 'Analiz Teknikleri', 11, 6, 1, 0),
(1107, 'Proje Yönetimi', 11, 6, 5, 0),
(1108, 'Bilimsel Araştırma', 11, 6, 6, 0),
(1109, 'Adaptasyon', 11, 5, 1, 0),
(1110, 'Hücresel Mekanizmalar', 11, 6, 6, 0),
(1111, 'Laboratuvar Teknikleri', 11, 7, 6, 0),
(1112, 'Biyolojik Araştırma', 11, 7, 6, 0),
(1113, 'Bitirme Projesi', 11, 8, 1, 0),
(1114, 'Sistematik', 11, 7, 3, 0),
(1115, 'Uygulamalı Biyoloji', 11, 7, 2, 0),
(1116, 'Genetik Testler', 11, 7, 3, 0),
(1117, 'Araştırma Seminerleri', 11, 8, 5, 0),
(1118, 'Biyoloji Gelişimi', 11, 8, 1, 0),
(1119, 'Staj Projesi', 11, 8, 5, 0),
(1120, 'Temel Fizik', 13, 1, 1, 0),
(1121, 'Meslek Etiği', 11, 8, 6, 0),
(1122, 'Matematik Temelleri', 13, 1, 6, 0),
(1123, 'Optik', 13, 1, 3, 0),
(1124, 'Klasik Mekanik', 13, 1, 5, 0),
(1125, 'Elektrik ve Manyetizma', 13, 1, 4, 0),
(1126, 'Termodinamik', 13, 2, 2, 0),
(1127, 'Dalga Mekanizması', 13, 2, 4, 0),
(1128, 'Sıvı Mekanizması', 13, 2, 1, 0),
(1129, 'Modern Fizik', 13, 2, 1, 0),
(1130, 'Nükleer Fizik', 13, 3, 5, 0),
(1131, 'Elektromanyetik Alan', 13, 3, 4, 0),
(1132, 'Sistem Dinamiği', 13, 3, 6, 0),
(1133, 'Matematik Fizik', 13, 3, 4, 0),
(1134, 'Yay ve Kuvvet Mekanizması', 13, 4, 2, 0),
(1135, 'Kuantum Mekaniği', 13, 3, 5, 0),
(1136, 'Fizik Tasarımı', 13, 2, 5, 0),
(1137, 'Akustik', 13, 4, 3, 0),
(1138, 'Kinetik Teori', 13, 4, 6, 0),
(1139, 'Sıvılar ve Gazlar', 13, 4, 6, 0),
(1140, 'İleri Elektromanyetizma', 13, 5, 3, 0),
(1141, 'Fiziksel Analiz', 13, 4, 2, 0),
(1142, 'Fizik Araştırma Teknikleri', 13, 5, 5, 0),
(1143, 'Fizik Uygulaması', 13, 5, 6, 0),
(1144, 'Optoelektronik', 13, 5, 3, 0),
(1145, 'Araştırma Projesi', 13, 6, 2, 0),
(1146, 'Elektrik Enerjisi', 13, 6, 2, 0),
(1147, 'Laboratuvar Teknikleri', 13, 7, 3, 0),
(1148, 'Fiziksel Ölçüm', 13, 7, 1, 0),
(1149, 'Termodinamik ve Enerji', 13, 6, 1, 0),
(1150, 'İleri Mekanik', 13, 6, 2, 0),
(1151, 'Proje Tasarımı', 13, 5, 6, 0),
(1152, 'Matematik Modelleme', 13, 6, 6, 0),
(1153, 'Deneysel Fizik', 13, 7, 6, 0),
(1154, 'Bitirme Projesi', 13, 8, 5, 0),
(1155, 'Fizik Araştırma', 13, 8, 6, 0),
(1156, 'Klasik ve Modern Fizik', 13, 7, 1, 0),
(1157, 'Gelişmiş Fizik Teknikleri', 13, 8, 6, 0),
(1158, 'Meslek Seminerleri', 13, 8, 3, 0),
(1159, 'Uygulamalı Staj', 13, 8, 3, 0),
(1160, 'Sistematik', 13, 7, 5, 0),
(1161, 'Organik Kimya', 10, 1, 4, 0),
(1162, 'Analitik Kimya', 10, 2, 5, 0),
(1163, 'Kimya Fiziği', 10, 1, 4, 0),
(1164, 'Termodinamik', 10, 2, 5, 0),
(1165, 'Matematik Temelleri', 10, 1, 6, 0),
(1166, 'Kimya Laboratuvarı', 10, 2, 2, 0),
(1167, 'İnorganik Kimya', 10, 1, 6, 0),
(1168, 'Endüstriyel Kimya', 10, 3, 6, 0),
(1169, 'Reaksiyon Mekanizması', 10, 2, 3, 0),
(1170, 'Molekül Yapısı', 10, 2, 4, 0),
(1171, 'Kimya Teknikleri', 10, 3, 6, 0),
(1172, 'Sentez Metotları', 10, 3, 3, 0),
(1173, 'Fiziksel Kimya', 10, 4, 2, 0),
(1174, 'Genel Kimya', 10, 1, 3, 0),
(1175, 'Organik Reaksiyonlar', 10, 3, 2, 0),
(1176, 'Elektrokimyasal Sistemler', 10, 4, 4, 0),
(1177, 'Kataliz', 10, 3, 5, 0),
(1178, 'Biyokimya', 10, 4, 5, 0),
(1179, 'Kimya Uygulama Projeleri', 10, 5, 3, 0),
(1180, 'Farmakokimya', 10, 5, 4, 0),
(1181, 'Kimya Uygulamaları', 10, 4, 5, 0),
(1182, 'Çevre Kimyası', 10, 6, 6, 0),
(1183, 'Proses Kontrolü', 10, 5, 4, 0),
(1184, 'Laboratuvar Teknikleri', 10, 6, 6, 0),
(1185, 'Fiziksel ve Organik Kimya', 10, 7, 1, 0),
(1186, 'Kimya Araştırma', 10, 6, 4, 0),
(1187, 'Analitik Ölçüm Teknikleri', 10, 7, 3, 0),
(1188, 'Reaksiyon Mekanizması', 10, 7, 5, 0),
(1189, 'Reaktör Tasarımı', 10, 5, 6, 0),
(1190, 'Kimya Güvenliği', 10, 6, 6, 0),
(1191, 'Kimya Analizi', 10, 4, 4, 0),
(1192, 'Araştırma Teknikleri', 10, 5, 6, 0),
(1193, 'Kimya Endüstrisi Teknolojileri', 10, 6, 2, 0),
(1194, 'Kinetik', 10, 7, 2, 0),
(1195, 'Bitirme Projesi', 10, 8, 2, 0),
(1196, 'Uygulamalı Staj', 10, 8, 6, 0),
(1197, 'Kimya Araştırma Projesi', 10, 8, 5, 0),
(1198, 'Meslek Semineri', 10, 8, 2, 0),
(1199, 'Kimya Uygulaması', 10, 8, 5, 0),
(1200, 'Sentez Projeleri', 10, 7, 1, 0),
(1201, 'Oyun Geliştirme', 1, 5, 6, 0);

-- --------------------------------------------------------

--
-- Tablo için tablo yapısı `course_registeration_requests`
--

CREATE TABLE `course_registeration_requests` (
  `id` int(11) NOT NULL,
  `student_id` int(11) NOT NULL,
  `courses` text NOT NULL,
  `status` int(11) NOT NULL
) ENGINE=InnoDB DEFAULT CHARSET=utf8mb4 COLLATE=utf8mb4_general_ci;

--
-- Tablo döküm verisi `course_registeration_requests`
--

INSERT INTO `course_registeration_requests` (`id`, `student_id`, `courses`, `status`) VALUES
(5, 28, '[{\"id\":\"796\",\"name\":\"Matematik 1\",\"department_id\":\"3\",\"semester\":\"1\",\"ects\":\"5\",\"department_name\":\"İnşaat Mühendisliği\"},{\"id\":\"798\",\"name\":\"Fizik 1\",\"department_id\":\"3\",\"semester\":\"1\",\"ects\":\"3\",\"department_name\":\"İnşaat Mühendisliği\"},{\"id\":\"794\",\"name\":\"Kimya\",\"department_id\":\"3\",\"semester\":\"1\",\"ects\":\"6\",\"department_name\":\"İnşaat Mühendisliği\"}]', 0),
(8, 1001, '[{\"id\":\"799\",\"name\":\"Bilgisayar Programlama\",\"department_id\":\"3\",\"semester\":\"1\",\"ects\":\"1\",\"department_name\":\"İnşaat Mühendisliği\"},{\"id\":\"807\",\"name\":\"Yapı Statiği\",\"department_id\":\"3\",\"semester\":\"3\",\"ects\":\"3\",\"department_name\":\"İnşaat Mühendisliği\"}]', 1);

-- --------------------------------------------------------

--
-- Tablo için tablo yapısı `departments`
--

CREATE TABLE `departments` (
  `id` int(11) NOT NULL,
  `name` varchar(255) NOT NULL
) ENGINE=InnoDB DEFAULT CHARSET=utf8mb4 COLLATE=utf8mb4_general_ci;

--
-- Tablo döküm verisi `departments`
--

INSERT INTO `departments` (`id`, `name`) VALUES
(1, 'Bilgisayar Mühendisliği'),
(2, 'Elektrik-Elektronik Mühendisliği'),
(3, 'İnşaat Mühendisliği'),
(4, 'Makine Mühendisliği'),
(5, 'Endüstri Mühendisliği'),
(6, 'İşletme'),
(7, 'Psikoloji'),
(8, 'Hukuk'),
(9, 'İktisat'),
(10, 'Kimya'),
(11, 'Biyoloji'),
(12, 'Tıp'),
(13, 'Fizik'),
(14, 'Mimarlık');

-- --------------------------------------------------------

--
-- Tablo için tablo yapısı `exams`
--

CREATE TABLE `exams` (
  `id` int(11) NOT NULL,
  `date` date NOT NULL,
  `type` int(11) NOT NULL,
  `percent` int(11) NOT NULL,
  `course_id` int(11) NOT NULL,
  `academic_id` int(11) NOT NULL
) ENGINE=InnoDB DEFAULT CHARSET=utf8mb4 COLLATE=utf8mb4_general_ci;

--
-- Tablo döküm verisi `exams`
--

INSERT INTO `exams` (`id`, `date`, `type`, `percent`, `course_id`, `academic_id`) VALUES
(6, '2024-12-30', 0, 25, 799, 1),
(7, '2024-12-31', 1, 75, 799, 1),
(8, '2024-12-30', 0, 40, 807, 1),
(9, '2024-12-30', 1, 60, 807, 1);

-- --------------------------------------------------------

--
-- Tablo için tablo yapısı `grades`
--

CREATE TABLE `grades` (
  `student_id` int(11) NOT NULL,
  `exam_id` int(11) NOT NULL,
  `grade` int(11) NOT NULL
) ENGINE=InnoDB DEFAULT CHARSET=utf8mb4 COLLATE=utf8mb4_general_ci;

--
-- Tablo döküm verisi `grades`
--

INSERT INTO `grades` (`student_id`, `exam_id`, `grade`) VALUES
(1001, 6, 60),
(1001, 7, 80),
(1001, 8, 65),
(1001, 9, 50);

-- --------------------------------------------------------

--
-- Tablo için tablo yapısı `internships`
--

CREATE TABLE `internships` (
  `id` int(11) NOT NULL,
  `place` varchar(255) NOT NULL,
  `role` varchar(255) NOT NULL,
  `fromDate` date NOT NULL,
  `toDate` date NOT NULL
) ENGINE=InnoDB DEFAULT CHARSET=utf8mb4 COLLATE=utf8mb4_general_ci;

--
-- Tablo döküm verisi `internships`
--

INSERT INTO `internships` (`id`, `place`, `role`, `fromDate`, `toDate`) VALUES
(1, 'X Games', 'Game Developer', '2024-12-06', '2024-12-29');

-- --------------------------------------------------------

--
-- Tablo için tablo yapısı `internship_registeration_requests`
--

CREATE TABLE `internship_registeration_requests` (
  `id` int(11) NOT NULL,
  `student_id` int(11) NOT NULL,
  `internship_id` int(11) NOT NULL,
  `status` int(11) NOT NULL
) ENGINE=InnoDB DEFAULT CHARSET=utf8mb4 COLLATE=utf8mb4_general_ci;

--
-- Tablo döküm verisi `internship_registeration_requests`
--

INSERT INTO `internship_registeration_requests` (`id`, `student_id`, `internship_id`, `status`) VALUES
(1, 1001, 1, 1);

-- --------------------------------------------------------

--
-- Tablo için tablo yapısı `settings`
--

CREATE TABLE `settings` (
  `key` varchar(255) NOT NULL,
  `value` varchar(255) NOT NULL
) ENGINE=InnoDB DEFAULT CHARSET=utf8mb4 COLLATE=utf8mb4_general_ci;

--
-- Tablo döküm verisi `settings`
--

INSERT INTO `settings` (`key`, `value`) VALUES
('semester_type', 'fall');

-- --------------------------------------------------------

--
-- Tablo için tablo yapısı `students`
--

CREATE TABLE `students` (
  `id` int(11) NOT NULL,
  `nationalId` varchar(255) NOT NULL,
  `name` varchar(255) NOT NULL,
  `surname` varchar(255) NOT NULL,
  `password` varchar(255) NOT NULL,
  `username` varchar(255) NOT NULL,
  `department_id` int(11) NOT NULL,
  `semester` int(11) NOT NULL,
  `gpa` double NOT NULL,
  `total_ects` int(11) NOT NULL
) ENGINE=InnoDB DEFAULT CHARSET=utf8mb4 COLLATE=utf8mb4_general_ci;

--
-- Tablo döküm verisi `students`
--

INSERT INTO `students` (`id`, `nationalId`, `name`, `surname`, `password`, `username`, `department_id`, `semester`, `gpa`, `total_ects`) VALUES
(1, '12483260723', 'FUAT', 'YİĞİT', '123456789', '3226034288', 6, 1, 0, 0),
(2, '14917522733', 'ÇETİN', 'ÖĞÜT', '123456789', '5280769096', 13, 1, 0, 0),
(3, '15691291717', 'BAŞAK', 'AKKÜÇÜK', '123456789', '2923607527', 2, 1, 0, 0),
(4, '13000112656', 'GÜLDEHEN', 'YÜCEL', '123456789', '4636046800', 13, 1, 0, 0),
(5, '14980771331', 'SELMA', 'YİĞİT', '123456789', '1529004297', 1, 1, 0, 0),
(6, '14444814671', 'BÜLENT', 'YILMAZ', '123456789', '8970830624', 4, 1, 0, 0),
(7, '19501452770', 'GÜLÇİN', 'AYHAN', '123456789', '9419428733', 12, 1, 0, 0),
(8, '19461383179', 'MEHMET', 'ERDEM', '123456789', '3955290031', 8, 1, 0, 0),
(9, '14418416043', 'BİRSEN', 'HALHALLI', '123456789', '4047239123', 13, 1, 0, 0),
(10, '12041268089', 'EBRU', 'ASLAN', '123456789', '8139018323', 13, 1, 0, 0),
(11, '12891361801', 'ÜLKÜ', 'ŞELİMAN', '123456789', '7243559590', 3, 1, 0, 0),
(12, '17444955313', 'HASAN', 'KANDEMİR', '123456789', '6737590422', 8, 1, 0, 0),
(13, '10136501485', 'AHMET', 'AYHAN', '123456789', '9513207813', 12, 1, 0, 0),
(14, '15793480969', 'AHMET ALİ', 'AKKÜÇÜK', '123456789', '3868489464', 10, 1, 0, 0),
(15, '11373837549', 'GÖKHAN', 'ÇEVİK', '123456789', '4649757682', 4, 1, 0, 0),
(16, '14595016685', 'MEHMET', 'BARBAROS', '123456789', '8821965954', 13, 1, 0, 0),
(17, '18970874099', 'AKSEL', 'DOĞAN', '123456789', '9128389768', 8, 1, 0, 0),
(18, '15705580215', 'MEHMET', 'AYHAN', '123456789', '7188221260', 10, 1, 0, 0),
(19, '10698361977', 'MEDİHA', 'KUŞKU', '123456789', '3814769369', 4, 1, 0, 0),
(20, '15441532337', 'SERKAN', 'KÜFECİLER', '123456789', '2844577453', 5, 1, 0, 0),
(21, '14051035185', 'SERKAN', 'MURT', '123456789', '5328410862', 13, 1, 0, 0),
(22, '15321925376', 'TUFAN AKIN', 'KULAÇ', '123456789', '7690613853', 11, 1, 0, 0),
(23, '15272391246', 'MEHMET', 'YARBİL', '123456789', '2763726403', 9, 1, 0, 0),
(24, '14218701988', 'ERGÜN', 'ERGE', '123456789', '8742926375', 8, 1, 0, 0),
(25, '16415356541', 'FULYA', 'ÖZDEMİR', '123456789', '9382766657', 2, 1, 0, 0),
(26, '18721992903', 'HAYATİ', 'AKPINAR', '123456789', '5761141097', 1, 1, 0, 0),
(27, '16682703547', 'HAYATİ', 'GİRAY', '123456789', '2197510018', 11, 1, 0, 0),
(28, '12820271449', 'EVRİM', 'TURGUT', '123456789', '9276691502', 3, 1, 0, 0),
(29, '13429607760', 'UFUK', 'YAMAN', '123456789', '8534564961', 8, 1, 0, 0),
(30, '16886196419', 'FULYA', 'ŞEYHANLI', '123456789', '5500835889', 3, 1, 0, 0),
(31, '19101021452', 'UFUK', 'ERDEM', '123456789', '3884712420', 10, 1, 0, 0),
(32, '12462141135', 'YAVUZ', 'TÜLÜBAŞ', '123456789', '9160667832', 5, 1, 0, 0),
(33, '13484576187', 'MEDİHA', 'SÜRÜM', '123456789', '3592112878', 6, 1, 0, 0),
(34, '18585514400', 'MUSTAFA', 'KOÇ', '123456789', '4463495022', 11, 1, 0, 0),
(35, '12761504459', 'ÖZGÜR', 'ATİK', '123456789', '9435686113', 8, 1, 0, 0),
(36, '14319320179', 'FATİH', 'ÖZER', '123456789', '2853567941', 7, 1, 0, 0),
(37, '11543200114', 'YAVUZ', 'KULAKSIZ', '123456789', '3940851893', 9, 1, 0, 0),
(38, '12247384827', 'HAYATİ', 'AKBULUT', '123456789', '4449768431', 10, 1, 0, 0),
(39, '19991525065', 'TUFAN AKIN', 'AYDIN', '123456789', '7987884813', 5, 1, 0, 0),
(40, '16099157379', 'BAHATTİN', 'ADANIR', '123456789', '6897539707', 2, 1, 0, 0),
(41, '18255603921', 'SERKAN', 'DEĞİRMENCİ', '123456789', '8118338056', 2, 1, 0, 0),
(42, '19338991331', 'ERGÜN', 'KAYACAN', '123456789', '6702232562', 13, 1, 0, 0),
(43, '10689380622', 'HAŞİM ONUR', 'ŞEN', '123456789', '4331970413', 1, 1, 0, 0),
(44, '13813221084', 'BARIŞ', 'TEKİN', '123456789', '7855947136', 10, 1, 0, 0),
(45, '16161506683', 'MEHMET', 'ÖZTÜRK', '123456789', '1457700771', 5, 1, 0, 0),
(46, '12567420879', 'BÜNYAMİN', 'KORKMAZ', '123456789', '6645193946', 9, 1, 0, 0),
(47, '15397032189', 'EVREN', 'MURT', '123456789', '7891755574', 8, 1, 0, 0),
(48, '16338844600', 'MEHMET', 'DAL', '123456789', '9651260533', 14, 1, 0, 0),
(49, '16093636623', 'MİRAÇ', 'ULUÖZ', '123456789', '8459755612', 14, 1, 0, 0),
(50, '18701003591', 'BENGÜ', 'KAYA', '123456789', '8928590501', 3, 1, 0, 0),
(51, '17912650649', 'MESUDE', 'PİŞİRGEN', '123456789', '9420790340', 5, 1, 0, 0),
(52, '14177103459', 'SEMİH', 'KANDEMİR', '123456789', '7568352086', 6, 1, 0, 0),
(53, '10006131213', 'OKTAY', 'YİĞİT', '123456789', '3866854071', 5, 1, 0, 0),
(54, '13105380237', 'URAL', 'ERASLAN', '123456789', '3785346047', 12, 1, 0, 0),
(55, '12876171695', 'MESUDE', 'ALDİNÇ', '123456789', '2441587166', 5, 1, 0, 0),
(56, '10972172856', 'YAHYA', 'ŞEN', '123456789', '4756503944', 10, 1, 0, 0),
(57, '11305748130', 'MURAT', 'YÜZBAŞIOĞLU', '123456789', '3949226730', 8, 1, 0, 0),
(58, '10955325827', 'SERKAN', 'ÖĞÜT', '123456789', '7417077282', 6, 1, 0, 0),
(59, '15351954460', 'MEHMET', 'ASLAN', '123456789', '4433547228', 13, 1, 0, 0),
(60, '19831842623', 'FERDİ', 'DOĞAN', '123456789', '5315642876', 4, 1, 0, 0),
(61, '11403884526', 'IRAZCA', 'ADANIR', '123456789', '7676209410', 2, 1, 0, 0),
(62, '11392326519', 'TUFAN AKIN', 'GİRAY', '123456789', '1414047518', 4, 1, 0, 0),
(63, '10706360556', 'MURAT', 'ERDOĞAN', '123456789', '3854827381', 9, 1, 0, 0),
(64, '11852946589', 'YASER', 'KÜFECİLER', '123456789', '6167463761', 8, 1, 0, 0),
(65, '12954148503', 'OKTAY', 'ŞEYHANLI', '123456789', '3752632535', 13, 1, 0, 0),
(66, '11703354827', 'EBRU', 'AYHAN', '123456789', '4110074044', 14, 1, 0, 0),
(67, '15779608851', 'YASER', 'YAVUZ', '123456789', '4801810527', 14, 1, 0, 0),
(68, '19668950859', 'HÜSEYİN YAVUZ', 'GÜLER', '123456789', '4942714469', 14, 1, 0, 0),
(69, '12453501156', 'ERGÜN', 'MURT', '123456789', '8026581546', 5, 1, 0, 0),
(70, '13877170591', 'ÖZHAN', 'GÜMÜŞ', '123456789', '6354917239', 7, 1, 0, 0),
(71, '17556732786', 'MURAT', 'PEKTAŞ', '123456789', '8076706609', 13, 1, 0, 0),
(72, '13069892730', 'MEHMET', 'ŞENTÜRK', '123456789', '6991410284', 2, 1, 0, 0),
(73, '10008123102', 'UFUK', 'YENİDOĞAN', '123456789', '3976962054', 9, 1, 0, 0),
(74, '10618464803', 'URAL', 'ÖZDEMİR', '123456789', '4082839723', 5, 1, 0, 0),
(75, '16830720435', 'BAHRİ', 'AYDIN', '123456789', '5560560101', 2, 1, 0, 0),
(76, '10717183344', 'KAMİL', 'GÜMÜŞAY', '123456789', '6553758823', 6, 1, 0, 0),
(77, '18490179450', 'MEHMET', 'ADANIR', '123456789', '3336406980', 13, 1, 0, 0),
(78, '12631014866', 'MEHMET', 'ORHON', '123456789', '7141135164', 1, 1, 0, 0),
(79, '17049017581', 'ŞENAY', 'TÜTEN', '123456789', '7649383246', 12, 1, 0, 0),
(80, '19122060789', 'SERKAN', 'ACARBULUT', '123456789', '3440365244', 2, 1, 0, 0),
(81, '10092764647', 'MANSUR KÜRŞAD', 'TÜRKDOĞAN', '123456789', '8369189617', 1, 1, 0, 0),
(82, '10483769746', 'UMUT', 'DEDE', '123456789', '8472917119', 3, 1, 0, 0),
(83, '14047577480', 'SEMİH', 'IŞIK', '123456789', '9828059421', 6, 1, 0, 0),
(84, '15320996374', 'ÖZGÜR', 'TÜLÜBAŞ', '123456789', '5036936432', 11, 1, 0, 0),
(85, '12110347155', 'GAMZE', 'ŞENTÜRK', '123456789', '9937387124', 9, 1, 0, 0),
(86, '16251251057', 'SELMA', 'ORHON', '123456789', '9100619877', 13, 1, 0, 0),
(87, '12996285110', 'ÖZGÜR', 'ULUÖZ', '123456789', '2629777455', 9, 1, 0, 0),
(88, '10065563456', 'ÇETİN', 'ÇEVİK', '123456789', '8867998964', 9, 1, 0, 0),
(89, '12650479157', 'GÖKHAN', 'ŞEN', '123456789', '8762397679', 3, 1, 0, 0),
(90, '17877636289', 'ALİ', 'YAVAŞİ', '123456789', '8056180007', 14, 1, 0, 0),
(91, '15095923570', 'OKTAY', 'DAL', '123456789', '1091711180', 2, 1, 0, 0),
(92, '10855525453', 'BENGÜ', 'SEZER', '123456789', '6514991046', 9, 1, 0, 0),
(93, '14906439594', 'FATİH NAZMİ', 'KANDEMİR', '123456789', '6938405450', 2, 1, 0, 0),
(94, '13395332967', 'BAHRİ', 'AKBULUT', '123456789', '9363039379', 11, 1, 0, 0),
(95, '14591762007', 'SELMA', 'KÜFECİLER', '123456789', '1636618865', 8, 1, 0, 0),
(96, '16583019045', 'YUSUF KENAN', 'YAMAN', '123456789', '2686010822', 14, 1, 0, 0),
(97, '15424942818', 'MANSUR KÜRŞAD', 'AKSEL', '123456789', '9192685042', 2, 1, 0, 0),
(98, '19773849888', 'NEBİ', 'DOĞAN', '123456789', '4078955189', 7, 1, 0, 0),
(99, '13604101815', 'MERAL LEMAN', 'YILMAZ', '123456789', '5104639922', 8, 1, 0, 0),
(100, '10247872019', 'BÜLENT', 'KORKMAZ', '123456789', '2205954509', 9, 1, 0, 0),
(101, '17362300696', 'BAHATTİN', 'TURGUT', '123456789', '2613235543', 5, 1, 0, 0),
(102, '19441934561', 'MEHMET', 'TURGUT', '123456789', '7057520081', 5, 1, 0, 0),
(103, '14172582749', 'EVRİM', 'KÜFECİLER', '123456789', '5986377932', 14, 1, 0, 0),
(104, '13859300958', 'SELMA', 'ERDOĞAN', '123456789', '9714575744', 3, 1, 0, 0),
(105, '19481845385', 'ÖZEN ÖZLEM', 'ÖCAL', '123456789', '8114905281', 5, 1, 0, 0),
(106, '18114592577', 'TURGAY YILMAZ', 'ÖĞÜT', '123456789', '9626635850', 8, 1, 0, 0),
(107, '16805094082', 'HASAN', 'DOĞAN', '123456789', '6328626553', 6, 1, 0, 0),
(108, '19669032671', 'MEHMET', 'SELVİ', '123456789', '3130370118', 3, 1, 0, 0),
(109, '11596905250', 'ÖZEN ÖZLEM', 'ADANIR', '123456789', '8907352988', 3, 1, 0, 0),
(110, '14330277440', 'AHMET', 'ULUÖZ', '123456789', '3463598655', 5, 1, 0, 0),
(111, '11419468730', 'KAMİL', 'ÖZTÜRK', '123456789', '8585790677', 12, 1, 0, 0),
(112, '12862621777', 'KAMİL', 'AKKÜÇÜK', '123456789', '1815624105', 2, 1, 0, 0),
(113, '12763206031', 'HÜSEYİN YAVUZ', 'ALDİNÇ', '123456789', '1429087820', 9, 1, 0, 0),
(114, '10387949615', 'İSMAİL', 'CANACANKATAN', '123456789', '1348929258', 5, 1, 0, 0),
(115, '19372165083', 'GÖKMEN', 'YILDIZ', '123456789', '4433887566', 14, 1, 0, 0),
(116, '16097438547', 'MEDİHA', 'ERDEM', '123456789', '6354540339', 13, 1, 0, 0),
(117, '16544149708', 'IRAZCA', 'BÜYÜKCAM', '123456789', '5906226854', 8, 1, 0, 0),
(118, '19205166544', 'FATİH NAZMİ', 'ERTEKİN', '123456789', '4485672490', 5, 1, 0, 0),
(119, '10714488132', 'EVRİM', 'ERDOĞAN', '123456789', '5350819033', 8, 1, 0, 0),
(120, '16979984823', 'MEHMET', 'ŞEYHANLI', '123456789', '4225087871', 9, 1, 0, 0),
(121, '15531045148', 'SERKAN', 'KUŞKU', '123456789', '1250808101', 13, 1, 0, 0),
(122, '11204955974', 'SEMİH', 'YILMAZ', '123456789', '9883573730', 9, 1, 0, 0),
(123, '15550869791', 'MUSTAFA', 'ERDOĞAN', '123456789', '5383849775', 14, 1, 0, 0),
(124, '16185707624', 'BARIŞ', 'SARAÇOĞLU', '123456789', '9980861374', 3, 1, 0, 0),
(125, '18394618468', 'FUAT', 'DEĞİRMENCİ', '123456789', '8929108796', 4, 1, 0, 0),
(126, '17252006804', 'ÖZCAN', 'ERKURAN', '123456789', '3911771315', 4, 1, 0, 0),
(127, '10573086085', 'TESLİME NAZLI', 'YAMAN', '123456789', '8693939465', 1, 1, 0, 0),
(128, '18043982582', 'YAHYA', 'ERASLAN', '123456789', '4773565601', 12, 1, 0, 0),
(129, '17609377104', 'NALAN', 'BODUROĞLU', '123456789', '3746684376', 6, 1, 0, 0),
(130, '13721464230', 'MEHMET', 'TANRIKULU', '123456789', '6661010170', 9, 1, 0, 0),
(131, '10508469800', 'ÖZEN ÖZLEM', 'ÇİLDİR', '123456789', '1144155449', 5, 1, 0, 0),
(132, '11998521995', 'NALAN', 'YENİDOĞAN', '123456789', '9358927611', 13, 1, 0, 0),
(133, '11741263777', 'BARIŞ', 'SÜRÜM', '123456789', '7852019871', 7, 1, 0, 0),
(134, '19815637483', 'EVREN', 'ASLAN', '123456789', '8632451877', 1, 1, 0, 0),
(135, '12960228254', 'HARUN', 'YARBİL', '123456789', '7427995491', 5, 1, 0, 0),
(136, '11297249613', 'MUSTAFA', 'TANRIKULU', '123456789', '1191388529', 13, 1, 0, 0),
(137, '11919285113', 'ÜLKÜ', 'ERASLAN', '123456789', '7035331473', 10, 1, 0, 0),
(138, '13512887078', 'MEHMET', 'SARAÇOĞLU', '123456789', '8542268584', 7, 1, 0, 0),
(139, '13475433811', 'EBRU', 'BARBAROS', '123456789', '6965778357', 13, 1, 0, 0),
(140, '10702445732', 'MERAL LEMAN', 'DOĞAN', '123456789', '5517912206', 14, 1, 0, 0),
(141, '19766307197', 'NAGİHAN', 'KAYA', '123456789', '9631030046', 1, 1, 0, 0),
(142, '14033913949', 'İSMAİL', 'GÜMÜŞ', '123456789', '5284565705', 1, 1, 0, 0),
(143, '12454711096', 'HAŞİM ONUR', 'KAYA', '123456789', '5676908041', 7, 1, 0, 0),
(144, '17015534903', 'HAŞİM ONUR', 'DOĞAN', '123456789', '8126999705', 9, 1, 0, 0),
(145, '12091791676', 'DİLEK', 'YAVAŞİ', '123456789', '5872343304', 1, 1, 0, 0),
(146, '13415173522', 'BİRSEN', 'SARAÇOĞLU', '123456789', '1536396633', 2, 1, 0, 0),
(147, '18641384665', 'AKSEL', 'AKKÜÇÜK', '123456789', '8451505120', 2, 1, 0, 0),
(148, '10709933557', 'AHMET', 'KÜFECİLER', '123456789', '1576910713', 3, 1, 0, 0),
(149, '10960029722', 'ÖZEN ÖZLEM', 'TEKİN', '123456789', '4327280504', 14, 1, 0, 0),
(150, '14051429535', 'EVRİM', 'ACARBULUT', '123456789', '7119674852', 12, 1, 0, 0),
(151, '11052802487', 'GÜLDEHEN', 'SÖNMEZ', '123456789', '5417399474', 12, 1, 0, 0),
(152, '16802285389', 'TARKAN', 'ÇİLDİR', '123456789', '2561299745', 2, 1, 0, 0),
(153, '10557161081', 'ÇETİN', 'ŞEN', '123456789', '9142173280', 14, 1, 0, 0),
(154, '13933673028', 'CEREN', 'KAYAYURT', '123456789', '1069396961', 3, 1, 0, 0),
(155, '10911352466', 'JALE', 'ERASLAN', '123456789', '7253658669', 1, 1, 0, 0),
(156, '11229601443', 'TUĞSEM', 'KILIÇ', '123456789', '1888801213', 7, 1, 0, 0),
(157, '10333113927', 'FATİH NAZMİ', 'TANRIKULU', '123456789', '4007233859', 14, 1, 0, 0),
(158, '10400400498', 'YUSUF KENAN', 'KORKMAZ', '123456789', '7411458155', 7, 1, 0, 0),
(159, '15211215812', 'BÜNYAMİN', 'ERDEM', '123456789', '2146061955', 6, 1, 0, 0),
(160, '18524928256', 'EROL', 'ÇAY', '123456789', '7699475285', 14, 1, 0, 0),
(161, '14711484671', 'OKTAY', 'ÖĞÜT', '123456789', '2757498289', 14, 1, 0, 0),
(162, '19708716555', 'IRAZCA', 'ŞEN', '123456789', '1511190725', 12, 1, 0, 0),
(163, '18987211586', 'ALİ', 'YARBİL', '123456789', '1765619154', 2, 1, 0, 0),
(164, '12684368492', 'FERDİ', 'AYDOĞAN', '123456789', '4531230045', 3, 1, 0, 0),
(165, '14755754111', 'TURGAY YILMAZ', 'ÇALIŞKANTÜRK', '123456789', '4050556027', 11, 1, 0, 0),
(166, '16260427607', 'GÜLÇİN', 'AKPINAR', '123456789', '5641117172', 14, 1, 0, 0),
(167, '12005347532', 'FATİH', 'GÜMÜŞAY', '123456789', '8531450002', 8, 1, 0, 0),
(168, '12726213493', 'DİLEK', 'EROĞLU', '123456789', '2706935765', 14, 1, 0, 0),
(169, '14970004916', 'GÜLDEHEN', 'YAVAŞİ', '123456789', '9712751247', 6, 1, 0, 0),
(170, '19602340433', 'HARUN', 'HALHALLI', '123456789', '6792772874', 3, 1, 0, 0),
(171, '10461598088', 'AHMET ALİ', 'AKKÜÇÜK', '123456789', '8923673450', 2, 1, 0, 0),
(172, '10136847944', 'UFUK', 'GÜLŞAN', '123456789', '2129714846', 5, 1, 0, 0),
(173, '14138098958', 'GÖKMEN', 'KAYA', '123456789', '9093362365', 14, 1, 0, 0),
(174, '19648850846', 'AYŞEGÜL', 'ÇİLDİR', '123456789', '5965388062', 1, 1, 0, 0),
(175, '17479376857', 'ÖZHAN', 'ÖZDEMİR', '123456789', '1722184316', 11, 1, 0, 0),
(176, '14916589642', 'KENAN AHMET', 'YAVAŞİ', '123456789', '2304434386', 12, 1, 0, 0),
(177, '17708218220', 'NEBİ', 'EROĞLU', '123456789', '9443954601', 4, 1, 0, 0),
(178, '18884640903', 'EMRE', 'AKBULUT', '123456789', '6227357095', 13, 1, 0, 0),
(179, '10142271132', 'YASER', 'ÖCAL', '123456789', '2348786833', 13, 1, 0, 0),
(180, '13702481790', 'FATİH NAZMİ', 'ORHON', '123456789', '8350076045', 2, 1, 0, 0),
(181, '14975760846', 'ÇETİN', 'DAL', '123456789', '1497198688', 13, 1, 0, 0),
(182, '16538829977', 'ÇETİN', 'SÖNMEZ', '123456789', '3974766867', 11, 1, 0, 0),
(183, '15048671530', 'ÖZHAN', 'KORKMAZ', '123456789', '7665587837', 13, 1, 0, 0),
(184, '15752696572', 'MUSTAFA', 'BÜYÜKCAM', '123456789', '6191953947', 7, 1, 0, 0),
(185, '17138700810', 'FATİH NAZMİ', 'ÖCAL', '123456789', '6497144189', 12, 1, 0, 0),
(186, '18413806192', 'YUSUF KENAN', 'TEKİN', '123456789', '2730870089', 14, 1, 0, 0),
(187, '19036224766', 'KAMİL', 'YENİDOĞAN', '123456789', '8192796312', 7, 1, 0, 0),
(188, '12955034469', 'TÜMAY', 'ÇAY', '123456789', '3132961861', 3, 1, 0, 0),
(189, '12812562744', 'SEMİH', 'KORKMAZ', '123456789', '5820671302', 12, 1, 0, 0),
(190, '15810309783', 'YAHYA', 'ASLAN', '123456789', '2524744614', 14, 1, 0, 0),
(191, '13785570681', 'BENGÜ', 'VURAL', '123456789', '6682229050', 2, 1, 0, 0),
(192, '16579321657', 'EROL', 'GÜMÜŞAY', '123456789', '4279661135', 8, 1, 0, 0),
(193, '18029462830', 'BÜLENT', 'BARBAROS', '123456789', '5740303820', 2, 1, 0, 0),
(194, '17265474436', 'FATİH', 'ÖZER', '123456789', '7927761464', 7, 1, 0, 0),
(195, '11055211221', 'BENGÜ', 'ACARBULUT', '123456789', '6019574903', 12, 1, 0, 0),
(196, '17318913406', 'BAHRİ', 'PEKTAŞ', '123456789', '6910197429', 8, 1, 0, 0),
(197, '17474346701', 'EBRU', 'ERDEM', '123456789', '4592835533', 9, 1, 0, 0),
(198, '18908098939', 'KENAN AHMET', 'IŞIK', '123456789', '7537456055', 2, 1, 0, 0),
(199, '18701509299', 'UMUT', 'YALÇINKAYA', '123456789', '9212142482', 3, 1, 0, 0),
(200, '19551752471', 'ÜLKÜ', 'ŞENTÜRK', '123456789', '3875530456', 5, 1, 0, 0),
(201, '13827961451', 'AHMET', 'TAHTACI', '123456789', '8828446305', 3, 1, 0, 0),
(202, '17489347669', 'SERDAL', 'TURGUT', '123456789', '2357407679', 3, 1, 0, 0),
(203, '10342293720', 'BAHRİ', 'ERKURAN', '123456789', '5014550573', 1, 1, 0, 0),
(204, '11052246402', 'MEHMET', 'AYDOĞAN', '123456789', '2504984319', 6, 1, 0, 0),
(205, '11346802766', 'NAGİHAN', 'TÜRKDOĞAN', '123456789', '3854391656', 4, 1, 0, 0),
(206, '15506341022', 'YUSUF KENAN', 'GİRAY', '123456789', '4130362524', 13, 1, 0, 0),
(207, '12698162039', 'AYŞEGÜL', 'KAYACAN', '123456789', '5548017614', 9, 1, 0, 0),
(208, '19812165343', 'ALİ', 'ORHON', '123456789', '4925153401', 10, 1, 0, 0),
(209, '13376791964', 'BÜNYAMİN', 'ASLAN', '123456789', '5021884637', 4, 1, 0, 0),
(210, '13134971455', 'GÖKHAN', 'ÖNER', '123456789', '5365645430', 10, 1, 0, 0),
(211, '15864234291', 'REZAN', 'GÜLŞAN', '123456789', '2211017857', 6, 1, 0, 0),
(212, '12396647876', 'İSMAİL', 'DEDE', '123456789', '3450934849', 9, 1, 0, 0),
(213, '18839664492', 'MERAL LEMAN', 'ÖZER', '123456789', '8361064619', 9, 1, 0, 0),
(214, '17481233119', 'EVRİM', 'YİĞİT', '123456789', '3268524511', 5, 1, 0, 0),
(215, '12322660144', 'MUSTAFA', 'YILDIZ', '123456789', '3747346949', 4, 1, 0, 0),
(216, '18867585596', 'HATİCE', 'EROĞLU', '123456789', '8706689790', 3, 1, 0, 0),
(217, '19421808902', 'ÖZGÜR', 'KAYACAN', '123456789', '1440334340', 3, 1, 0, 0),
(218, '16465852448', 'AHMET ALİ', 'SELVİ', '123456789', '1974876569', 13, 1, 0, 0),
(219, '10533077677', 'SELMA', 'SELVİ', '123456789', '8869723406', 10, 1, 0, 0),
(220, '11580956652', 'AHMET ALİ', 'KOÇ', '123456789', '8435007229', 1, 1, 0, 0),
(221, '13522046908', 'MERAL LEMAN', 'KUŞKU', '123456789', '5921212297', 5, 1, 0, 0),
(222, '12409932200', 'ERGÜN', 'YAMAN', '123456789', '3066841176', 14, 1, 0, 0),
(223, '18461166402', 'YAVUZ', 'GÜMÜŞAY', '123456789', '9167243007', 10, 1, 0, 0),
(224, '15052785975', 'MESUDE', 'DOĞAN', '123456789', '2774388670', 6, 1, 0, 0),
(225, '19491999406', 'GAMZE', 'ÜZER', '123456789', '8835053759', 10, 1, 0, 0),
(226, '12326407634', 'BÜNYAMİN', 'KULAÇ', '123456789', '8988854507', 4, 1, 0, 0),
(227, '13162772450', 'EMRE', 'KILIÇ', '123456789', '7822525077', 13, 1, 0, 0),
(228, '17433415470', 'KUBİLAY', 'ŞEYHANLI', '123456789', '2189510941', 12, 1, 0, 0),
(229, '12246843903', 'YAVUZ', 'ERTEKİN', '123456789', '2277974603', 14, 1, 0, 0),
(230, '10313322742', 'MEDİHA', 'ALMACIOĞLU', '123456789', '8032943913', 4, 1, 0, 0),
(231, '13058181660', 'EVREN', 'ÇİLDİR', '123456789', '1078852754', 13, 1, 0, 0),
(232, '11119725678', 'HARUN', 'YALÇINKAYA', '123456789', '8709831453', 14, 1, 0, 0),
(233, '19850363538', 'NEBİ', 'ÇİLDİR', '123456789', '4771335663', 12, 1, 0, 0),
(234, '13876672990', 'EBRU', 'ŞENTÜRK', '123456789', '5432582705', 6, 1, 0, 0),
(235, '14091304211', 'ÖZGÜR', 'PEKTAŞ', '123456789', '3630867303', 4, 1, 0, 0),
(236, '18612443647', 'TÜMAY', 'YİĞİT', '123456789', '5893934709', 6, 1, 0, 0),
(237, '15247758282', 'TUĞSEM', 'AKKÜÇÜK', '123456789', '5360240544', 13, 1, 0, 0),
(238, '10092415211', 'ERGÜN', 'ÖZTÜRK', '123456789', '2646915505', 9, 1, 0, 0),
(239, '16205769439', 'TUFAN AKIN', 'ALMACIOĞLU', '123456789', '5602865351', 2, 1, 0, 0),
(240, '12346153364', 'NAGİHAN', 'KAYA', '123456789', '7226726776', 12, 1, 0, 0),
(241, '17414234956', 'ERGÜN', 'YÜZBAŞIOĞLU', '123456789', '7809896491', 7, 1, 0, 0),
(242, '16413862394', 'YUSUF KENAN', 'TURGUT', '123456789', '7185872927', 4, 1, 0, 0),
(243, '17406270795', 'HASAN', 'YÜCEL', '123456789', '3231431345', 5, 1, 0, 0),
(244, '11461110974', 'SERKAN', 'YÜZBAŞIOĞLU', '123456789', '8704691787', 8, 1, 0, 0),
(245, '17099651402', 'AKSEL', 'ERKURAN', '123456789', '9678666749', 1, 1, 0, 0),
(246, '12473886852', 'BAŞAK', 'YİĞİT', '123456789', '3633726027', 7, 1, 0, 0),
(247, '11738767248', 'GÖKHAN', 'KOÇ', '123456789', '7232920130', 1, 1, 0, 0),
(248, '13545582232', 'FATİH', 'TANRIKULU', '123456789', '6650585840', 10, 1, 0, 0),
(249, '14119785156', 'SERKAN', 'YALÇINKAYA', '123456789', '7191147751', 4, 1, 0, 0),
(250, '12446402810', 'UFUK', 'EROĞLU', '123456789', '5184457919', 2, 1, 0, 0),
(251, '13744662242', 'NEBİ', 'KAYAYURT', '123456789', '6443771113', 1, 1, 0, 0),
(252, '12508414288', 'YASER', 'KORKMAZ', '123456789', '4629073861', 8, 1, 0, 0),
(253, '15811671675', 'MEHMET', 'ALMACIOĞLU', '123456789', '5194410197', 7, 1, 0, 0),
(254, '19090371640', 'TESLİME NAZLI', 'EROĞLU', '123456789', '4092994114', 12, 1, 0, 0),
(255, '19732063120', 'TÜMAY', 'CANACANKATAN', '123456789', '4676675519', 5, 1, 0, 0),
(256, '12307240252', 'HÜSEYİN CAHİT', 'KAYA', '123456789', '5899566217', 5, 1, 0, 0),
(257, '18760900157', 'BÜLENT', 'BARBAROS', '123456789', '6086066370', 7, 1, 0, 0),
(258, '18661382288', 'KENAN AHMET', 'GÜMÜŞAY', '123456789', '1985487287', 6, 1, 0, 0),
(259, '13539416199', 'AHMET ALİ', 'TÜRKDOĞAN', '123456789', '3746182292', 1, 1, 0, 0),
(260, '10554212687', 'HAŞİM ONUR', 'KAYA', '123456789', '5855520866', 3, 1, 0, 0),
(261, '14557438609', 'IRAZCA', 'KAYA', '123456789', '8533737315', 7, 1, 0, 0),
(262, '15734836787', 'HASAN', 'KARABAĞ', '123456789', '5174205343', 1, 1, 0, 0),
(263, '11991939340', 'SERDAL', 'AKKÜÇÜK', '123456789', '6762549190', 4, 1, 0, 0),
(264, '10829906806', 'EVRİM', 'ATİK', '123456789', '1697312427', 5, 1, 0, 0),
(265, '18895775193', 'BAHRİ', 'KULAÇ', '123456789', '9515712585', 12, 1, 0, 0),
(266, '19064832661', 'TUFAN AKIN', 'GÜLŞAN', '123456789', '7557969715', 9, 1, 0, 0),
(267, '18436728416', 'MERAL LEMAN', 'GÜMÜŞ', '123456789', '7727663483', 6, 1, 0, 0),
(268, '19973246606', 'TESLİME NAZLI', 'TURGUT', '123456789', '4026762436', 6, 1, 0, 0),
(269, '15929705685', 'TUĞSEM', 'AYDOĞAN', '123456789', '2433828952', 3, 1, 0, 0),
(270, '16817053320', 'MUSTAFA', 'ERTEKİN', '123456789', '7943787738', 8, 1, 0, 0),
(271, '17845473633', 'AKSEL', 'YILMAZ', '123456789', '8396199529', 9, 1, 0, 0),
(272, '11789541342', 'İLHAN', 'VURAL', '123456789', '3788417386', 4, 1, 0, 0),
(273, '15245419345', 'ÇETİN', 'YİĞİT', '123456789', '8064920891', 9, 1, 0, 0),
(274, '12139947335', 'ALİ', 'YENİDOĞAN', '123456789', '8175772180', 5, 1, 0, 0),
(275, '17426904202', 'MESUDE', 'UYANIK', '123456789', '8239274711', 9, 1, 0, 0),
(276, '11690217303', 'TESLİME NAZLI', 'PEKTAŞ', '123456789', '5892992206', 2, 1, 0, 0),
(277, '18821129520', 'HASAN', 'YAMAN', '123456789', '5665748417', 1, 1, 0, 0),
(278, '19019595251', 'KENAN AHMET', 'ALMACIOĞLU', '123456789', '4496176699', 10, 1, 0, 0),
(279, '12099458714', 'FATİH NAZMİ', 'ÇEVİK', '123456789', '3198716760', 1, 1, 0, 0),
(280, '14359394110', 'KENAN AHMET', 'UYANIK', '123456789', '8507005246', 5, 1, 0, 0),
(281, '17254395435', 'TURGAY YILMAZ', 'GÜMÜŞ', '123456789', '1149694940', 6, 1, 0, 0),
(282, '10958325860', 'YAHYA', 'DEDE', '123456789', '1810938311', 4, 1, 0, 0),
(283, '18957140880', 'NALAN', 'SÜRÜM', '123456789', '6234160619', 10, 1, 0, 0),
(284, '19119657122', 'TÜMAY', 'KOÇ', '123456789', '2230581152', 13, 1, 0, 0),
(285, '14901001529', 'ERGÜN', 'DAL', '123456789', '7069987885', 1, 1, 0, 0),
(286, '11133150083', 'UMUT', 'KARAKUM', '123456789', '9404730940', 14, 1, 0, 0),
(287, '16388276958', 'NALAN', 'BARBAROS', '123456789', '9055731064', 2, 1, 0, 0),
(288, '15974084536', 'ERGÜN', 'HALHALLI', '123456789', '4392525280', 4, 1, 0, 0),
(289, '13432724009', 'HÜSEYİN YAVUZ', 'AKBULUT', '123456789', '5741845722', 5, 1, 0, 0),
(290, '15248006140', 'SELMA', 'ÖĞÜT', '123456789', '3932622104', 4, 1, 0, 0),
(291, '10205789659', 'REZAN', 'ÖNER', '123456789', '5883617224', 7, 1, 0, 0),
(292, '10695496488', 'UFUK', 'AKSEL', '123456789', '8316079347', 5, 1, 0, 0),
(293, '13160303117', 'ERGÜN', 'KANDEMİR', '123456789', '1079961428', 2, 1, 0, 0),
(294, '14015184241', 'YAVUZ', 'YAMAN', '123456789', '4350224346', 3, 1, 0, 0),
(295, '17112252148', 'HÜSEYİN YAVUZ', 'KOÇ', '123456789', '7201496090', 3, 1, 0, 0),
(296, '10545456994', 'BİRSEN', 'GÜMÜŞAY', '123456789', '6515733347', 7, 1, 0, 0),
(297, '14832087298', 'NALAN', 'YILDIZ', '123456789', '7949866571', 2, 1, 0, 0),
(298, '10724216437', 'MEHMET', 'MURT', '123456789', '8222158152', 7, 1, 0, 0),
(299, '15866035563', 'YÜCEL', 'ÜZER', '123456789', '1568826711', 11, 1, 0, 0),
(300, '19840725803', 'MANSUR KÜRŞAD', 'KUŞKU', '123456789', '8858692419', 9, 1, 0, 0),
(301, '16664170450', 'BAHRİ', 'AKPINAR', '123456789', '1554888310', 11, 1, 0, 0),
(302, '13022577292', 'MEHMET', 'DOĞAN', '123456789', '2416086315', 7, 1, 0, 0),
(303, '10263679226', 'EVREN', 'ÇALIŞKANTÜRK', '123456789', '3760459657', 13, 1, 0, 0),
(304, '19005335462', 'AHMET', 'KUŞKU', '123456789', '3769815923', 14, 1, 0, 0),
(305, '18133227518', 'BAHATTİN', 'YAVUZ', '123456789', '7616028854', 2, 1, 0, 0),
(306, '12704358580', 'SEMİH', 'YÜZBAŞIOĞLU', '123456789', '6442002623', 1, 1, 0, 0),
(307, '12561694234', 'TUFAN AKIN', 'ORHON', '123456789', '8279157474', 14, 1, 0, 0),
(308, '18124200397', 'EVRİM', 'DEDE', '123456789', '7441567242', 12, 1, 0, 0),
(309, '16305754843', 'HÜSEYİN CAHİT', 'ÖCAL', '123456789', '3787226058', 1, 1, 0, 0),
(310, '17547764930', 'ERGÜN', 'ÖZER', '123456789', '2694633261', 3, 1, 0, 0),
(311, '17075128889', 'UFUK', 'TANRIKULU', '123456789', '1150089141', 11, 1, 0, 0),
(312, '11278531793', 'AHMET', 'PEKTAŞ', '123456789', '1369073075', 10, 1, 0, 0),
(313, '11617877244', 'TUFAN AKIN', 'AKSEL', '123456789', '7179756988', 7, 1, 0, 0),
(314, '19021536599', 'FERDİ', 'ORHON', '123456789', '2866988651', 14, 1, 0, 0),
(315, '13463169969', 'GÜLÇİN', 'TÜTEN', '123456789', '7448496737', 1, 1, 0, 0),
(316, '16695538266', 'MEHMET', 'GÜMÜŞAY', '123456789', '6298468482', 13, 1, 0, 0),
(317, '16488541606', 'ÖZCAN', 'UYANIK', '123456789', '2217411539', 10, 1, 0, 0),
(318, '11779313996', 'IRAZCA', 'ÖNER', '123456789', '1839613095', 14, 1, 0, 0),
(319, '19372431659', 'İLHAN', 'ÖZER', '123456789', '4156969778', 4, 1, 0, 0),
(320, '18142709616', 'MAHMUT', 'ERDEM', '123456789', '9577394717', 14, 1, 0, 0),
(321, '12383175209', 'EBRU', 'ALMACIOĞLU', '123456789', '1731575669', 6, 1, 0, 0),
(322, '13406083454', 'BAHATTİN', 'PEKTAŞ', '123456789', '5112289180', 10, 1, 0, 0),
(323, '18229854496', 'YASER', 'ULUÖZ', '123456789', '1344917277', 1, 1, 0, 0),
(324, '10020991850', 'GÖKHAN', 'HALHALLI', '123456789', '1275532746', 13, 1, 0, 0),
(325, '13645806927', 'OKTAY', 'DEMİR', '123456789', '2944323618', 6, 1, 0, 0),
(326, '14081602847', 'TUFAN AKIN', 'SEZER', '123456789', '4613204521', 14, 1, 0, 0),
(327, '10072094093', 'NALAN', 'KOÇ', '123456789', '4456202213', 11, 1, 0, 0),
(328, '18561859241', 'MEDİHA', 'TAHTACI', '123456789', '8410370561', 7, 1, 0, 0),
(329, '12158031010', 'NALAN', 'KAYAYURT', '123456789', '9939092255', 4, 1, 0, 0),
(330, '14233012894', 'HATİCE', 'KILIÇ', '123456789', '1970011352', 11, 1, 0, 0),
(331, '14595769558', 'MESUDE', 'GÜMÜŞ', '123456789', '4665412747', 9, 1, 0, 0),
(332, '14175281272', 'PINAR', 'BODUROĞLU', '123456789', '3463271024', 3, 1, 0, 0),
(333, '11257675691', 'AHMET ALİ', 'SÜRÜM', '123456789', '5943759726', 10, 1, 0, 0),
(334, '12515255035', 'AKSEL', 'YARBİL', '123456789', '3373281461', 1, 1, 0, 0),
(335, '18914551260', 'HÜSEYİN CAHİT', 'ÖZTÜRK', '123456789', '3034820345', 6, 1, 0, 0),
(336, '12571577783', 'GÜLDEHEN', 'SELVİ', '123456789', '6676927471', 6, 1, 0, 0),
(337, '18730336931', 'BAHRİ', 'ŞEYHANLI', '123456789', '9148771246', 4, 1, 0, 0),
(338, '19967630378', 'JALE', 'GÜLŞAN', '123456789', '4077173791', 6, 1, 0, 0),
(339, '11839697957', 'YÜCEL', 'AYHAN', '123456789', '7519567104', 14, 1, 0, 0),
(340, '18085580572', 'ORHAN', 'ÖZTÜRK', '123456789', '9441093782', 4, 1, 0, 0),
(341, '11113215717', 'MANSUR KÜRŞAD', 'YÜZBAŞIOĞLU', '123456789', '1886312869', 2, 1, 0, 0),
(342, '14866574696', 'MEHMET', 'ÇALIŞKANTÜRK', '123456789', '8721225930', 3, 1, 0, 0),
(343, '17395920162', 'JALE', 'ABACIOĞLU', '123456789', '8887955227', 2, 1, 0, 0),
(344, '16492365039', 'MESUDE', 'TAHTACI', '123456789', '6220988835', 3, 1, 0, 0),
(345, '14893805931', 'EVREN', 'PİŞİRGEN', '123456789', '7799577572', 5, 1, 0, 0),
(346, '19065562213', 'ÖZEN ÖZLEM', 'AKBULUT', '123456789', '8188925482', 1, 1, 0, 0),
(347, '14429452117', 'HASAN', 'KARAKUM', '123456789', '7895403873', 7, 1, 0, 0),
(348, '14935923050', 'NEBİ', 'ŞELİMAN', '123456789', '5475664003', 9, 1, 0, 0),
(349, '14494802191', 'MURAT', 'KAYACAN', '123456789', '3253874025', 13, 1, 0, 0),
(350, '18761786670', 'GÜLŞAH', 'YAMAN', '123456789', '7975975386', 11, 1, 0, 0),
(351, '14410457885', 'DİLEK', 'DOĞAN', '123456789', '4179651837', 3, 1, 0, 0),
(352, '19951263311', 'ÇETİN', 'KOÇ', '123456789', '9357872271', 9, 1, 0, 0),
(353, '11353715884', 'TESLİME NAZLI', 'BODUROĞLU', '123456789', '8637443217', 7, 1, 0, 0),
(354, '17947396191', 'EBRU', 'SELVİ', '123456789', '1081929029', 7, 1, 0, 0),
(355, '15044231201', 'TARKAN', 'ERASLAN', '123456789', '2797357390', 10, 1, 0, 0),
(356, '10048853922', 'TUFAN AKIN', 'YÜCEL', '123456789', '8372753887', 5, 1, 0, 0),
(357, '14065431142', 'SERKAN', 'KAYAYURT', '123456789', '5435163426', 6, 1, 0, 0),
(358, '16021726979', 'İSMAİL', 'KAYACAN', '123456789', '1936207011', 8, 1, 0, 0),
(359, '15596869970', 'ALİ', 'ÖCAL', '123456789', '5668542206', 1, 1, 0, 0),
(360, '19624488195', 'DİLEK', 'GÜLŞAN', '123456789', '8325746062', 9, 1, 0, 0),
(361, '19525249640', 'BENGÜ', 'ADANIR', '123456789', '9663838131', 14, 1, 0, 0),
(362, '19979308000', 'REYHAN', 'KÜFECİLER', '123456789', '3506504319', 8, 1, 0, 0),
(363, '11210906966', 'HÜSEYİN CAHİT', 'VURAL', '123456789', '5782121060', 8, 1, 0, 0),
(364, '13174420744', 'SEMİH', 'IŞIK', '123456789', '3887591746', 8, 1, 0, 0),
(365, '18083374037', 'GAMZE', 'KARAKUM', '123456789', '4374865783', 7, 1, 0, 0),
(366, '19115335585', 'GÜLŞAH', 'ULUÖZ', '123456789', '3576955791', 14, 1, 0, 0),
(367, '10948393661', 'JALE', 'DAL', '123456789', '1416347621', 3, 1, 0, 0),
(368, '16523144668', 'HATİCE', 'YALÇINKAYA', '123456789', '2543490028', 3, 1, 0, 0),
(369, '10638034836', 'HÜSEYİN YAVUZ', 'ALMACIOĞLU', '123456789', '3869894020', 7, 1, 0, 0),
(370, '10745411899', 'HATİCE', 'DEMİR', '123456789', '6909673870', 3, 1, 0, 0),
(371, '15455636175', 'KUBİLAY', 'GÜLER', '123456789', '1716223400', 14, 1, 0, 0),
(372, '15729231625', 'BAŞAK', 'KAYA', '123456789', '2580195245', 13, 1, 0, 0),
(373, '11151022705', 'NALAN', 'ACARBULUT', '123456789', '5726330676', 12, 1, 0, 0),
(374, '19010755093', 'TUĞSEM', 'YÜZBAŞIOĞLU', '123456789', '1081004204', 14, 1, 0, 0),
(375, '13942008326', 'MEHMET', 'ALMACIOĞLU', '123456789', '2453258321', 13, 1, 0, 0),
(376, '17032476809', 'İLHAN', 'DOĞAN', '123456789', '7160123838', 7, 1, 0, 0),
(377, '14310238702', 'YÜCEL', 'SELVİ', '123456789', '8291286893', 4, 1, 0, 0),
(378, '17022393975', 'YUSUF KENAN', 'KAYAYURT', '123456789', '3485803583', 11, 1, 0, 0),
(379, '13403002974', 'DİLEK', 'UZ', '123456789', '3232817083', 14, 1, 0, 0),
(380, '13434529907', 'UFUK', 'ŞELİMAN', '123456789', '5961736025', 8, 1, 0, 0),
(381, '14816903941', 'KUBİLAY', 'TURGUT', '123456789', '8826891512', 5, 1, 0, 0),
(382, '16408998295', 'JALE', 'GÜLER', '123456789', '8716567293', 5, 1, 0, 0),
(383, '14434706729', 'ÜLKÜ', 'ORHON', '123456789', '7772777316', 8, 1, 0, 0),
(384, '19687700543', 'BÜNYAMİN', 'YENİDOĞAN', '123456789', '2926823235', 4, 1, 0, 0),
(385, '18958917626', 'YÜCEL', 'ABACIOĞLU', '123456789', '3397090047', 3, 1, 0, 0),
(386, '13561875722', 'İSMAİL', 'CANACANKATAN', '123456789', '8245573544', 2, 1, 0, 0),
(387, '16002609435', 'BÜNYAMİN', 'ÖZDEMİR', '123456789', '3866377702', 1, 1, 0, 0),
(388, '19067784278', 'ÖZCAN', 'TÜRKDOĞAN', '123456789', '3052758489', 1, 1, 0, 0),
(389, '10952085673', 'İSMAİL', 'ALDİNÇ', '123456789', '1909020777', 10, 1, 0, 0),
(390, '16854648118', 'HAŞİM ONUR', 'ÖZER', '123456789', '8129848487', 1, 1, 0, 0),
(391, '18174942026', 'EROL', 'SARAÇOĞLU', '123456789', '5497751801', 2, 1, 0, 0),
(392, '10461714125', 'YAVUZ', 'YAVAŞİ', '123456789', '5338711383', 14, 1, 0, 0),
(393, '17450187739', 'KUBİLAY', 'KOÇ', '123456789', '3521931228', 8, 1, 0, 0),
(394, '17911050617', 'İLHAN', 'AYDOĞAN', '123456789', '7205915617', 5, 1, 0, 0),
(395, '12356207165', 'BİRSEN', 'GÜMÜŞ', '123456789', '4612631300', 10, 1, 0, 0),
(396, '12168428990', 'EBRU', 'KARABAĞ', '123456789', '4260598977', 5, 1, 0, 0),
(397, '14275910979', 'ERGÜN', 'ÖZER', '123456789', '2867152567', 1, 1, 0, 0),
(398, '19646745756', 'NEBİ', 'ÇİLDİR', '123456789', '2405004442', 2, 1, 0, 0),
(399, '16586735963', 'HATİCE', 'ÇALIŞKANTÜRK', '123456789', '3448092126', 2, 1, 0, 0),
(400, '13986177725', 'ÖZCAN', 'ÜZER', '123456789', '3744651254', 13, 1, 0, 0),
(401, '17856216331', 'İLHAN', 'TÜTEN', '123456789', '5985035318', 6, 1, 0, 0),
(402, '13816314659', 'AKSEL', 'ÖCAL', '123456789', '6452583150', 12, 1, 0, 0),
(403, '10710499136', 'BARIŞ', 'DEMİR', '123456789', '8823716162', 9, 1, 0, 0),
(404, '10240175011', 'ÖZGÜR', 'ÖZER', '123456789', '5731294548', 13, 1, 0, 0),
(405, '18598670117', 'MİRAÇ', 'GÜLŞAN', '123456789', '4446551348', 12, 1, 0, 0),
(406, '15127809710', 'HARUN', 'MURT', '123456789', '6294028446', 1, 1, 0, 0),
(407, '12966958050', 'TUĞSEM', 'KARAKUM', '123456789', '6890609332', 10, 1, 0, 0),
(408, '10549033018', 'GÜLDEHEN', 'GÜMÜŞ', '123456789', '3117853297', 9, 1, 0, 0),
(409, '13359797353', 'KENAN AHMET', 'YALÇINKAYA', '123456789', '9546462343', 4, 1, 0, 0),
(410, '10177537519', 'ŞENAY', 'ADANIR', '123456789', '9339487815', 4, 1, 0, 0),
(411, '19784154393', 'MAHMUT', 'GÜMÜŞAY', '123456789', '8350500169', 12, 1, 0, 0),
(412, '11318619537', 'BAHATTİN', 'ÖCAL', '123456789', '7317249427', 7, 1, 0, 0),
(413, '18992265697', 'MEHMET', 'AYHAN', '123456789', '4111886915', 2, 1, 0, 0),
(414, '12314150689', 'MEHMET', 'UYANIK', '123456789', '5689792376', 3, 1, 0, 0),
(415, '15678789023', 'MEHMET', 'YILMAZ', '123456789', '5941229816', 12, 1, 0, 0),
(416, '18086231502', 'HASAN', 'DOĞAN', '123456789', '1751573658', 10, 1, 0, 0),
(417, '19479565895', 'SERKAN', 'KAYACAN', '123456789', '5257847994', 9, 1, 0, 0),
(418, '14228558701', 'HASAN', 'KOÇ', '123456789', '2648952056', 14, 1, 0, 0),
(419, '13783406609', 'HAŞİM ONUR', 'HALHALLI', '123456789', '3120525841', 7, 1, 0, 0),
(420, '13884353475', 'TUFAN AKIN', 'ERKURAN', '123456789', '3564359006', 12, 1, 0, 0),
(421, '15431356284', 'MEDİHA', 'ÖĞÜT', '123456789', '5483160132', 2, 1, 0, 0),
(422, '17691419288', 'KAMİL', 'AYHAN', '123456789', '1704953462', 6, 1, 0, 0),
(423, '10280701486', 'AYŞEGÜL', 'BARBAROS', '123456789', '3846703850', 5, 1, 0, 0),
(424, '17290355414', 'URAL', 'SARAÇOĞLU', '123456789', '7517886281', 11, 1, 0, 0),
(425, '10974849325', 'ALİ', 'AKKÜÇÜK', '123456789', '9651844852', 3, 1, 0, 0),
(426, '15708909486', 'HÜSEYİN CAHİT', 'KÜFECİLER', '123456789', '6891061787', 14, 1, 0, 0),
(427, '14886357101', 'EROL', 'KOÇ', '123456789', '9765723643', 2, 1, 0, 0),
(428, '16673853045', 'BÜLENT', 'YENİDOĞAN', '123456789', '4963405264', 4, 1, 0, 0),
(429, '11364932321', 'UFUK', 'ACARBULUT', '123456789', '5155546858', 5, 1, 0, 0),
(430, '11870302785', 'MURAT', 'ÖZDEMİR', '123456789', '5728186530', 5, 1, 0, 0),
(431, '10029176747', 'SERKAN', 'ŞEN', '123456789', '7019086414', 4, 1, 0, 0),
(432, '16121421505', 'GÖKHAN', 'ÖZER', '123456789', '7210223638', 6, 1, 0, 0),
(433, '17785864657', 'ORHAN', 'SELVİ', '123456789', '5624922237', 13, 1, 0, 0),
(434, '12226980888', 'GÜLDEHEN', 'SEZER', '123456789', '7456715696', 11, 1, 0, 0),
(435, '12413028830', 'EMRE', 'TAHTACI', '123456789', '2744247556', 2, 1, 0, 0),
(436, '12053607080', 'MURAT', 'ALDİNÇ', '123456789', '2813497465', 4, 1, 0, 0),
(437, '15840461139', 'HASAN', 'PEKTAŞ', '123456789', '5710760025', 12, 1, 0, 0),
(438, '14092118386', 'JALE', 'KORKMAZ', '123456789', '2525776376', 2, 1, 0, 0),
(439, '18453130091', 'SERKAN', 'KULAÇ', '123456789', '1158886124', 9, 1, 0, 0),
(440, '14761959512', 'DİLEK', 'AYDOĞAN', '123456789', '6422883552', 8, 1, 0, 0),
(441, '10169763653', 'REZAN', 'ÖCAL', '123456789', '4757989535', 12, 1, 0, 0),
(442, '11549816290', 'BÜNYAMİN', 'ORHON', '123456789', '2510194452', 5, 1, 0, 0),
(443, '10477077266', 'EBRU', 'DEMİR', '123456789', '9266136506', 7, 1, 0, 0),
(444, '11249790044', 'REYHAN', 'KOÇ', '123456789', '8875254792', 1, 1, 0, 0),
(445, '19713906037', 'BEDRİYE MÜGE', 'DEDE', '123456789', '6353266247', 12, 1, 0, 0),
(446, '13049651194', 'MUSTAFA', 'AYDOĞAN', '123456789', '3336621724', 9, 1, 0, 0),
(447, '16943401571', 'BENGÜ', 'ÇALIŞKANTÜRK', '123456789', '8733812824', 7, 1, 0, 0),
(448, '18524322215', 'MUSTAFA', 'HALHALLI', '123456789', '1679317411', 1, 1, 0, 0),
(449, '11069819796', 'MANSUR KÜRŞAD', 'PEKTAŞ', '123456789', '3928864866', 6, 1, 0, 0),
(450, '14757363481', 'ÖZEN ÖZLEM', 'ERKURAN', '123456789', '3999386344', 14, 1, 0, 0),
(451, '11305116768', 'AYŞEGÜL', 'KAYAYURT', '123456789', '3269693794', 1, 1, 0, 0),
(452, '16714501052', 'TUFAN AKIN', 'ÖNER', '123456789', '8037477098', 2, 1, 0, 0),
(453, '19885313831', 'BÜLENT', 'SEZER', '123456789', '9770345634', 14, 1, 0, 0),
(454, '19203449833', 'EMRE', 'GÜLŞAN', '123456789', '9663900803', 11, 1, 0, 0),
(455, '17296301067', 'REZAN', 'ŞEN', '123456789', '8814352654', 10, 1, 0, 0),
(456, '11145669962', 'ERGÜN', 'GİRAY', '123456789', '7381451453', 13, 1, 0, 0),
(457, '17522712632', 'BEDRİYE MÜGE', 'GÜMÜŞAY', '123456789', '5309087633', 12, 1, 0, 0),
(458, '18148716901', 'JALE', 'AYDIN', '123456789', '3160420222', 9, 1, 0, 0),
(459, '12043787959', 'MUSTAFA', 'ADANIR', '123456789', '2502841913', 1, 1, 0, 0),
(460, '14561551451', 'MEHMET', 'TANRIKULU', '123456789', '9661188025', 3, 1, 0, 0),
(461, '19219896005', 'SERKAN', 'UZ', '123456789', '4552624500', 5, 1, 0, 0),
(462, '12715329765', 'HÜSEYİN CAHİT', 'TEKİN', '123456789', '7405852112', 5, 1, 0, 0),
(463, '10804427426', 'MAHMUT', 'ATİK', '123456789', '8830232371', 1, 1, 0, 0),
(464, '10269731645', 'SERKAN', 'HALHALLI', '123456789', '5015428745', 12, 1, 0, 0),
(465, '11950596597', 'MEDİHA', 'GİRAY', '123456789', '7955142862', 14, 1, 0, 0),
(466, '16363143638', 'ÖZGÜR', 'ÖZER', '123456789', '3764466752', 6, 1, 0, 0),
(467, '15046040658', 'KAMİL', 'GİRAY', '123456789', '2578806104', 7, 1, 0, 0),
(468, '13507750618', 'UMUT', 'BÜYÜKCAM', '123456789', '7214043171', 2, 1, 0, 0),
(469, '18357415757', 'SELMA', 'HALHALLI', '123456789', '3906497640', 5, 1, 0, 0),
(470, '18913630777', 'MEHMET', 'ASLAN', '123456789', '8835719148', 9, 1, 0, 0),
(471, '13610457386', 'MEHMET', 'ERASLAN', '123456789', '9531434270', 6, 1, 0, 0),
(472, '13773544114', 'HATİCE', 'DEDE', '123456789', '3093428925', 12, 1, 0, 0),
(473, '11433903340', 'HAŞİM ONUR', 'SÖNMEZ', '123456789', '4065335216', 2, 1, 0, 0),
(474, '15857255025', 'BAHRİ', 'SÖNMEZ', '123456789', '3403648342', 1, 1, 0, 0),
(475, '14959542733', 'HÜSEYİN CAHİT', 'KAYACAN', '123456789', '2552892755', 13, 1, 0, 0),
(476, '14478267152', 'AHMET ALİ', 'YILDIZ', '123456789', '7028523448', 2, 1, 0, 0),
(477, '14691167160', 'ÖZHAN', 'ATİK', '123456789', '1463909473', 6, 1, 0, 0),
(478, '16669713883', 'KAMİL', 'ÖNER', '123456789', '5959770116', 7, 1, 0, 0),
(479, '15482968888', 'JALE', 'AKBULUT', '123456789', '6877263263', 5, 1, 0, 0),
(480, '17614713407', 'YAVUZ', 'SELVİ', '123456789', '5441164634', 3, 1, 0, 0),
(481, '17533995572', 'KENAN AHMET', 'ERDOĞAN', '123456789', '2499704022', 5, 1, 0, 0),
(482, '17663675351', 'URAL', 'GİRAY', '123456789', '5517459022', 9, 1, 0, 0),
(483, '16400444338', 'MESUDE', 'YÜCEL', '123456789', '4017478112', 4, 1, 0, 0),
(484, '17265612376', 'EBRU', 'ÖZTÜRK', '123456789', '1913295514', 2, 1, 0, 0),
(485, '12845443339', 'UFUK', 'PİŞİRGEN', '123456789', '2106762572', 11, 1, 0, 0),
(486, '14829494848', 'BİRSEN', 'TURGUT', '123456789', '7378157625', 5, 1, 0, 0),
(487, '11942862031', 'İSMAİL', 'UZ', '123456789', '3114018911', 14, 1, 0, 0),
(488, '15878255139', 'MİRAÇ', 'EROĞLU', '123456789', '1351800546', 9, 1, 0, 0),
(489, '19412450001', 'MEHMET', 'ERASLAN', '123456789', '9419147621', 13, 1, 0, 0),
(490, '11518618247', 'REYHAN', 'KULAKSIZ', '123456789', '3159311036', 14, 1, 0, 0),
(491, '18168398260', 'UFUK', 'YİĞİT', '123456789', '7163052684', 2, 1, 0, 0),
(492, '10961366141', 'MURAT', 'KÜFECİLER', '123456789', '1707093278', 7, 1, 0, 0),
(493, '15301148195', 'OKTAY', 'YAMAN', '123456789', '4743892557', 12, 1, 0, 0),
(494, '10366703123', 'BAHRİ', 'DEDE', '123456789', '1258945244', 13, 1, 0, 0),
(495, '17366447511', 'OKTAY', 'KUŞKU', '123456789', '3840583787', 8, 1, 0, 0),
(496, '13399593368', 'BENGÜ', 'CANACANKATAN', '123456789', '7667636005', 5, 1, 0, 0),
(497, '17821812073', 'MEHMET', 'DOĞAN', '123456789', '8049493445', 7, 1, 0, 0),
(498, '13923957611', 'UFUK', 'TÜRKDOĞAN', '123456789', '2894386159', 5, 1, 0, 0),
(499, '14760634852', 'HAŞİM ONUR', 'AKKÜÇÜK', '123456789', '6519191436', 11, 1, 0, 0),
(500, '19908579657', 'UFUK', 'TURGUT', '123456789', '8345741025', 10, 1, 0, 0),
(501, '18628397465', 'TURGAY YILMAZ', 'ÇEVİK', '123456789', '8276722733', 9, 1, 0, 0),
(502, '16114870863', 'TARKAN', 'ŞEYHANLI', '123456789', '9660849949', 13, 1, 0, 0),
(503, '18598263352', 'MUSTAFA', 'GİRAY', '123456789', '2447838875', 5, 1, 0, 0),
(504, '11313123544', 'ÖZEN ÖZLEM', 'SELVİ', '123456789', '5439269301', 2, 1, 0, 0),
(505, '15417107229', 'JALE', 'MURT', '123456789', '7367166787', 7, 1, 0, 0),
(506, '18500045189', 'KUBİLAY', 'ÖNER', '123456789', '2323126843', 10, 1, 0, 0),
(507, '17045725804', 'GÖKMEN', 'DAL', '123456789', '3937584401', 14, 1, 0, 0),
(508, '11054991190', 'MEHMET', 'KILIÇ', '123456789', '8941377178', 5, 1, 0, 0),
(509, '10398588089', 'HÜSEYİN YAVUZ', 'ŞEN', '123456789', '9694369901', 4, 1, 0, 0),
(510, '15060068192', 'KUBİLAY', 'ÖZTÜRK', '123456789', '1738719087', 7, 1, 0, 0),
(511, '10272468582', 'MUSTAFA', 'ÖZDEMİR', '123456789', '3278888357', 12, 1, 0, 0),
(512, '14673587595', 'MAHMUT', 'DEDE', '123456789', '8809865218', 11, 1, 0, 0),
(513, '11098106048', 'MEHMET', 'YALÇINKAYA', '123456789', '8503539681', 5, 1, 0, 0),
(514, '16841278228', 'FUAT', 'YENİDOĞAN', '123456789', '5045323842', 10, 1, 0, 0),
(515, '19152910796', 'SERDAL', 'ERGE', '123456789', '8260083507', 10, 1, 0, 0),
(516, '14245714801', 'SELMA', 'YÜCEL', '123456789', '5700041323', 1, 1, 0, 0),
(517, '15860864448', 'GAMZE', 'KUŞKU', '123456789', '7214838605', 11, 1, 0, 0),
(518, '18999821278', 'MEHMET', 'VURAL', '123456789', '4258138679', 1, 1, 0, 0),
(519, '16247661269', 'MESUDE', 'PİŞİRGEN', '123456789', '4517109455', 10, 1, 0, 0),
(520, '15273578927', 'GAMZE', 'ERDEM', '123456789', '1714523316', 12, 1, 0, 0),
(521, '17454487190', 'BAHATTİN', 'ÖĞÜT', '123456789', '3095753093', 7, 1, 0, 0),
(522, '19203574280', 'UMUT', 'ERDEM', '123456789', '2365056710', 8, 1, 0, 0),
(523, '13637992987', 'YÜCEL', 'DOĞAN', '123456789', '8648338358', 2, 1, 0, 0),
(524, '18202250776', 'ERGÜN', 'IŞIK', '123456789', '7757910662', 12, 1, 0, 0),
(525, '12168721039', 'İSMAİL', 'AKKÜÇÜK', '123456789', '2027758876', 12, 1, 0, 0),
(526, '16900916702', 'FATİH', 'SARAÇOĞLU', '123456789', '6935134521', 9, 1, 0, 0),
(527, '16950410895', 'REZAN', 'DEĞİRMENCİ', '123456789', '2817772990', 13, 1, 0, 0),
(528, '12427896073', 'FERDİ', 'ERASLAN', '123456789', '5181487993', 1, 1, 0, 0),
(529, '13994859507', 'GAMZE', 'CANACANKATAN', '123456789', '1298083166', 8, 1, 0, 0),
(530, '14066838365', 'BÜNYAMİN', 'ŞEN', '123456789', '9425506267', 11, 1, 0, 0),
(531, '14665175876', 'FATİH NAZMİ', 'KAYACAN', '123456789', '3535927129', 5, 1, 0, 0),
(532, '11858080225', 'HAŞİM ONUR', 'GÜMÜŞ', '123456789', '2709888442', 3, 1, 0, 0),
(533, '12203798281', 'AYŞEGÜL', 'UZ', '123456789', '2702989238', 5, 1, 0, 0),
(534, '12976369080', 'FUAT', 'ÖZDEMİR', '123456789', '6478321418', 3, 1, 0, 0),
(535, '10995518093', 'ÖZEN ÖZLEM', 'ÜZER', '123456789', '1666443830', 9, 1, 0, 0),
(536, '11124144720', 'ÖZGÜR', 'ERASLAN', '123456789', '2817512632', 14, 1, 0, 0),
(537, '19578578597', 'AHMET', 'TÜTEN', '123456789', '5176408618', 3, 1, 0, 0),
(538, '14182353952', 'NALAN', 'KANDEMİR', '123456789', '1136031884', 10, 1, 0, 0),
(539, '10952346110', 'YAVUZ', 'ÖNER', '123456789', '2615897182', 8, 1, 0, 0),
(540, '17416911183', 'MUSTAFA', 'YILDIZ', '123456789', '8959444756', 8, 1, 0, 0),
(541, '15231522284', 'MEHMET', 'YÜCEL', '123456789', '3159816574', 7, 1, 0, 0),
(542, '19259914774', 'FATİH', 'ASLAN', '123456789', '1036020281', 9, 1, 0, 0),
(543, '11007548153', 'HATİCE', 'DOĞAN', '123456789', '3697204979', 6, 1, 0, 0),
(544, '16977273329', 'UFUK', 'ÖCAL', '123456789', '9829074168', 6, 1, 0, 0),
(545, '14959469954', 'ORHAN', 'BODUROĞLU', '123456789', '6836578151', 11, 1, 0, 0),
(546, '13229043722', 'ORHAN', 'SELVİ', '123456789', '1810202631', 11, 1, 0, 0),
(547, '15959365693', 'MİRAÇ', 'PİŞİRGEN', '123456789', '4987525221', 14, 1, 0, 0),
(548, '14012355298', 'EBRU', 'ORHON', '123456789', '1284976862', 12, 1, 0, 0),
(549, '16824790326', 'GÖKMEN', 'SEZER', '123456789', '1571979430', 1, 1, 0, 0),
(550, '10963488008', 'BAHATTİN', 'ERKURAN', '123456789', '6446349478', 12, 1, 0, 0),
(551, '17852336597', 'FERDİ', 'GİRAY', '123456789', '2329852382', 13, 1, 0, 0),
(552, '13046379812', 'AHMET', 'KAYA', '123456789', '5251227741', 13, 1, 0, 0),
(553, '16351855377', 'İSMAİL', 'ŞEN', '123456789', '1078679399', 12, 1, 0, 0),
(554, '13528991626', 'MUSTAFA', 'TANRIKULU', '123456789', '6284363240', 9, 1, 0, 0),
(555, '19334013966', 'HASAN', 'SÖNMEZ', '123456789', '4494353610', 5, 1, 0, 0),
(556, '17291478888', 'MİRAÇ', 'CANACANKATAN', '123456789', '7009385820', 4, 1, 0, 0),
(557, '16329272627', 'CEREN', 'KÜFECİLER', '123456789', '1245339663', 7, 1, 0, 0),
(558, '12434903793', 'NEBİ', 'AYDOĞAN', '123456789', '8873940509', 2, 1, 0, 0),
(559, '10465530356', 'FATİH', 'HALHALLI', '123456789', '8773100774', 10, 1, 0, 0),
(560, '12540690697', 'MİRAÇ', 'GÜLŞAN', '123456789', '3333663306', 4, 1, 0, 0),
(561, '10365806584', 'SELMA', 'TÜTEN', '123456789', '6643971739', 3, 1, 0, 0),
(562, '15702890640', 'URAL', 'AYHAN', '123456789', '9558900836', 4, 1, 0, 0),
(563, '19060002619', 'SERKAN', 'YILMAZ', '123456789', '3411488472', 4, 1, 0, 0),
(564, '19851245455', 'OKTAY', 'KANDEMİR', '123456789', '1629885556', 5, 1, 0, 0),
(565, '17344925569', 'İLHAN', 'GİRAY', '123456789', '1584761119', 12, 1, 0, 0),
(566, '15890096332', 'İSMAİL', 'ÖNER', '123456789', '3577447540', 9, 1, 0, 0),
(567, '18887211348', 'TESLİME NAZLI', 'ÖZTÜRK', '123456789', '3831557843', 10, 1, 0, 0),
(568, '10333304307', 'GÜLŞAH', 'GÜLER', '123456789', '7469113856', 6, 1, 0, 0),
(569, '18408249000', 'ÇETİN', 'SELVİ', '123456789', '8963343263', 3, 1, 0, 0),
(570, '16387467580', 'ORHAN', 'ÜZER', '123456789', '2198362734', 1, 1, 0, 0),
(571, '18549845895', 'BAHATTİN', 'ERKURAN', '123456789', '9427225144', 13, 1, 0, 0),
(572, '12378596237', 'HASAN', 'TURGUT', '123456789', '1860407038', 14, 1, 0, 0),
(573, '14950207887', 'HAŞİM ONUR', 'KARAKUM', '123456789', '1844695077', 5, 1, 0, 0),
(574, '15622735390', 'EBRU', 'AKBULUT', '123456789', '7212412187', 11, 1, 0, 0),
(575, '15685724119', 'AHMET', 'YARBİL', '123456789', '4425954875', 14, 1, 0, 0),
(576, '15159147992', 'EYYUP SABRİ', 'PEKTAŞ', '123456789', '2353695057', 7, 1, 0, 0),
(577, '17483474824', 'GÖKHAN', 'IŞIK', '123456789', '2052014101', 5, 1, 0, 0),
(578, '17844774042', 'IRAZCA', 'ACARBULUT', '123456789', '5764515073', 3, 1, 0, 0),
(579, '15508709305', 'BENGÜ', 'GÜMÜŞAY', '123456789', '4645671396', 8, 1, 0, 0),
(580, '14655731596', 'GÖKHAN', 'ALMACIOĞLU', '123456789', '8409455140', 10, 1, 0, 0),
(581, '12985862598', 'EYYUP SABRİ', 'ERDEM', '123456789', '8039461715', 11, 1, 0, 0),
(582, '16280410482', 'FATİH NAZMİ', 'ORHON', '123456789', '2902269657', 13, 1, 0, 0),
(583, '16918457672', 'MİRAÇ', 'KULAKSIZ', '123456789', '9780846466', 4, 1, 0, 0),
(584, '10673002680', 'YAHYA', 'UZ', '123456789', '6917018814', 11, 1, 0, 0),
(585, '12517349522', 'HÜSEYİN YAVUZ', 'SEZER', '123456789', '9293862266', 10, 1, 0, 0),
(586, '19431676360', 'İSMAİL', 'GİRAY', '123456789', '4101274613', 4, 1, 0, 0),
(587, '10934448648', 'YAVUZ', 'ASLAN', '123456789', '8339518124', 14, 1, 0, 0),
(588, '10360095865', 'TESLİME NAZLI', 'ALDİNÇ', '123456789', '8481159002', 3, 1, 0, 0),
(589, '10396205203', 'FERDİ', 'YAVUZ', '123456789', '8018130601', 10, 1, 0, 0),
(590, '16747512539', 'BAHRİ', 'ÇİLDİR', '123456789', '7649989023', 5, 1, 0, 0),
(591, '12291059822', 'EVRİM', 'BARBAROS', '123456789', '9779658725', 10, 1, 0, 0),
(592, '17262526641', 'YASER', 'ALMACIOĞLU', '123456789', '4447617350', 12, 1, 0, 0),
(593, '14985255639', 'IRAZCA', 'YİĞİT', '123456789', '2229274011', 9, 1, 0, 0),
(594, '18345752082', 'AHMET ALİ', 'TÜLÜBAŞ', '123456789', '5133179565', 8, 1, 0, 0),
(595, '11515474197', 'ALİ', 'BODUROĞLU', '123456789', '1472502986', 10, 1, 0, 0),
(596, '10848243525', 'TUFAN AKIN', 'ALMACIOĞLU', '123456789', '6830801091', 3, 1, 0, 0),
(597, '14697602590', 'AHMET ALİ', 'ŞELİMAN', '123456789', '5932142609', 8, 1, 0, 0),
(598, '10936602369', 'MUSTAFA', 'YİĞİT', '123456789', '2784608934', 8, 1, 0, 0),
(599, '11006894504', 'CEREN', 'KARABAĞ', '123456789', '1114839072', 7, 1, 0, 0),
(600, '12393416310', 'DİLEK', 'TANRIKULU', '123456789', '4373356420', 7, 1, 0, 0),
(601, '11093097742', 'AHMET', 'UYANIK', '123456789', '2506125390', 9, 1, 0, 0),
(602, '16861583329', 'DİLEK', 'ACARBULUT', '123456789', '7977389564', 2, 1, 0, 0),
(603, '13928568487', 'REZAN', 'KAYA', '123456789', '9599329672', 14, 1, 0, 0),
(604, '14457886117', 'TÜMAY', 'YILMAZ', '123456789', '3336421338', 2, 1, 0, 0),
(605, '18516903038', 'MURAT', 'ERTEKİN', '123456789', '5651564393', 9, 1, 0, 0),
(606, '10964496034', 'EROL', 'KAYA', '123456789', '2511509723', 8, 1, 0, 0),
(607, '16548299579', 'BÜLENT', 'ATİK', '123456789', '7081719113', 10, 1, 0, 0),
(608, '18690633646', 'ORHAN', 'HALHALLI', '123456789', '8431171075', 14, 1, 0, 0),
(609, '18412042594', 'NEBİ', 'TEKİN', '123456789', '6548255609', 11, 1, 0, 0),
(610, '15385714400', 'KAMİL', 'KILIÇ', '123456789', '8668293767', 5, 1, 0, 0),
(611, '13607922856', 'HAŞİM ONUR', 'ASLAN', '123456789', '2581157094', 13, 1, 0, 0),
(612, '15272863358', 'SEMİH', 'ERDOĞAN', '123456789', '3826542909', 8, 1, 0, 0),
(613, '12094324811', 'ERGÜN', 'GÜMÜŞAY', '123456789', '8892283508', 6, 1, 0, 0),
(614, '16465719539', 'TARKAN', 'BARBAROS', '123456789', '2905482114', 3, 1, 0, 0),
(615, '18670988299', 'UMUT', 'TEKİN', '123456789', '4729649658', 5, 1, 0, 0),
(616, '11582370932', 'YÜCEL', 'GÜLER', '123456789', '2433869478', 13, 1, 0, 0),
(617, '13637989024', 'MURAT', 'ERDOĞAN', '123456789', '2769338967', 1, 1, 0, 0),
(618, '12718930124', 'İLHAN', 'SÜRÜM', '123456789', '7583842631', 2, 1, 0, 0),
(619, '19885058205', 'FUAT', 'YILMAZ', '123456789', '5776923467', 4, 1, 0, 0),
(620, '12274419567', 'OKTAY', 'ÖZTÜRK', '123456789', '6712425250', 10, 1, 0, 0),
(621, '10127958819', 'YUSUF KENAN', 'SELVİ', '123456789', '8347144935', 11, 1, 0, 0),
(622, '13528481587', 'MAHMUT', 'ŞENTÜRK', '123456789', '4882157230', 12, 1, 0, 0),
(623, '19341148698', 'HARUN', 'YILDIZ', '123456789', '1189512928', 1, 1, 0, 0),
(624, '15668919823', 'DİLEK', 'ŞENTÜRK', '123456789', '7371070206', 12, 1, 0, 0),
(625, '18768568809', 'FERDİ', 'YİĞİT', '123456789', '4524708723', 4, 1, 0, 0),
(626, '18452583979', 'MEHMET', 'KORKMAZ', '123456789', '3998045147', 13, 1, 0, 0);
INSERT INTO `students` (`id`, `nationalId`, `name`, `surname`, `password`, `username`, `department_id`, `semester`, `gpa`, `total_ects`) VALUES
(627, '19327929804', 'URAL', 'AYDOĞAN', '123456789', '7317420309', 12, 1, 0, 0),
(628, '12932326029', 'MEHMET', 'TÜRKDOĞAN', '123456789', '6071688355', 4, 1, 0, 0),
(629, '15599787011', 'FATİH NAZMİ', 'TÜLÜBAŞ', '123456789', '8848081173', 2, 1, 0, 0),
(630, '13434615319', 'NAGİHAN', 'AKKÜÇÜK', '123456789', '3126539086', 3, 1, 0, 0),
(631, '12511762922', 'NAGİHAN', 'YALÇINKAYA', '123456789', '9398517645', 9, 1, 0, 0),
(632, '11599744613', 'SERKAN', 'SÖNMEZ', '123456789', '5254748836', 5, 1, 0, 0),
(633, '15365691159', 'HASAN', 'PEKTAŞ', '123456789', '3051681247', 14, 1, 0, 0),
(634, '10186820685', 'ÖZHAN', 'MURT', '123456789', '4256836843', 7, 1, 0, 0),
(635, '10778129875', 'EMRE', 'SÜRÜM', '123456789', '9478679845', 5, 1, 0, 0),
(636, '18610489870', 'GÖKMEN', 'ÇALIŞKANTÜRK', '123456789', '1004888267', 6, 1, 0, 0),
(637, '12188339829', 'UMUT', 'ERDEM', '123456789', '5683999190', 2, 1, 0, 0),
(638, '16888205955', 'GAMZE', 'BÜYÜKCAM', '123456789', '2201174737', 6, 1, 0, 0),
(639, '19865821152', 'KENAN AHMET', 'BODUROĞLU', '123456789', '6170372751', 12, 1, 0, 0),
(640, '14496972709', 'GÖKMEN', 'YAMAN', '123456789', '2836759250', 13, 1, 0, 0),
(641, '10226624017', 'EMRE', 'AKPINAR', '123456789', '5384915107', 4, 1, 0, 0),
(642, '11578081687', 'BENGÜ', 'DAL', '123456789', '3745621928', 2, 1, 0, 0),
(643, '10003612732', 'HATİCE', 'PİŞİRGEN', '123456789', '2863975658', 3, 1, 0, 0),
(644, '13653376293', 'ERGÜN', 'ADANIR', '123456789', '6664387750', 9, 1, 0, 0),
(645, '15445791868', 'IRAZCA', 'GÜLŞAN', '123456789', '8888788523', 14, 1, 0, 0),
(646, '10638367311', 'UMUT', 'UZ', '123456789', '9572734186', 9, 1, 0, 0),
(647, '11216685445', 'TUFAN AKIN', 'YÜZBAŞIOĞLU', '123456789', '8019506381', 12, 1, 0, 0),
(648, '10365017186', 'FERDİ', 'GİRAY', '123456789', '6205656666', 2, 1, 0, 0),
(649, '19140745722', 'REYHAN', 'SÜRÜM', '123456789', '4291596554', 4, 1, 0, 0),
(650, '17305533348', 'ŞENAY', 'YÜZBAŞIOĞLU', '123456789', '2706342880', 2, 1, 0, 0),
(651, '11766493482', 'MEHMET', 'CANACANKATAN', '123456789', '2477651159', 7, 1, 0, 0),
(652, '15925897937', 'ORHAN', 'YALÇINKAYA', '123456789', '3712931492', 11, 1, 0, 0),
(653, '16794922508', 'NALAN', 'ÇİLDİR', '123456789', '9862281340', 10, 1, 0, 0),
(654, '11841517525', 'EVREN', 'ŞELİMAN', '123456789', '8112057034', 13, 1, 0, 0),
(655, '15419991118', 'TÜMAY', 'SEZER', '123456789', '7285546320', 1, 1, 0, 0),
(656, '10040482736', 'ÖZHAN', 'TEKİN', '123456789', '3489688427', 8, 1, 0, 0),
(657, '12900557502', 'ÜLKÜ', 'IŞIK', '123456789', '7106704049', 9, 1, 0, 0),
(658, '13668674094', 'GÜLÇİN', 'GÜMÜŞAY', '123456789', '6084321635', 13, 1, 0, 0),
(659, '13342390118', 'NAGİHAN', 'ADANIR', '123456789', '6908133528', 9, 1, 0, 0),
(660, '11230074689', 'MANSUR KÜRŞAD', 'CANACANKATAN', '123456789', '7135523882', 8, 1, 0, 0),
(661, '11143666765', 'AHMET ALİ', 'EROĞLU', '123456789', '4794968237', 4, 1, 0, 0),
(662, '19760562292', 'YASER', 'DEDE', '123456789', '7331511495', 3, 1, 0, 0),
(663, '17694742384', 'AHMET', 'ERGE', '123456789', '7282556814', 12, 1, 0, 0),
(664, '11268305830', 'TUĞSEM', 'AYDIN', '123456789', '9088188895', 7, 1, 0, 0),
(665, '12192284092', 'TURGAY YILMAZ', 'ŞELİMAN', '123456789', '7434286143', 3, 1, 0, 0),
(666, '12261323432', 'FULYA', 'ADANIR', '123456789', '6662324226', 7, 1, 0, 0),
(667, '15540699487', 'İLHAN', 'ÇAY', '123456789', '1090365164', 9, 1, 0, 0),
(668, '18788152768', 'SERDAL', 'ASLAN', '123456789', '6801841147', 12, 1, 0, 0),
(669, '15128887596', 'YUSUF KENAN', 'KORKMAZ', '123456789', '5861869077', 5, 1, 0, 0),
(670, '16610799631', 'YÜCEL', 'VURAL', '123456789', '4068764429', 7, 1, 0, 0),
(671, '18468983454', 'BAHATTİN', 'TÜRKDOĞAN', '123456789', '5917085660', 3, 1, 0, 0),
(672, '10395252963', 'İLHAN', 'SÖNMEZ', '123456789', '8459498304', 1, 1, 0, 0),
(673, '19372885263', 'MİRAÇ', 'ERDOĞAN', '123456789', '3330734904', 5, 1, 0, 0),
(674, '19889424544', 'MESUDE', 'KANDEMİR', '123456789', '8933917125', 14, 1, 0, 0),
(675, '17028302857', 'TUFAN AKIN', 'DEĞİRMENCİ', '123456789', '8412680446', 11, 1, 0, 0),
(676, '13562885414', 'HAYATİ', 'TÜRKDOĞAN', '123456789', '6170439471', 5, 1, 0, 0),
(677, '13579537349', 'IRAZCA', 'TURGUT', '123456789', '7801094210', 14, 1, 0, 0),
(678, '13923632725', 'YÜCEL', 'DEĞİRMENCİ', '123456789', '2067102817', 3, 1, 0, 0),
(679, '19506583731', 'ÖZGÜR', 'ŞENTÜRK', '123456789', '2287324290', 6, 1, 0, 0),
(680, '14823771956', 'EBRU', 'ALDİNÇ', '123456789', '9799273275', 6, 1, 0, 0),
(681, '19174960429', 'MİRAÇ', 'IŞIK', '123456789', '1487540900', 8, 1, 0, 0),
(682, '19095022647', 'TÜMAY', 'PEKTAŞ', '123456789', '1979894320', 9, 1, 0, 0),
(683, '19819575934', 'İSMAİL', 'ULUÖZ', '123456789', '2327422292', 6, 1, 0, 0),
(684, '14296573405', 'BAŞAK', 'KAYAYURT', '123456789', '5792978457', 11, 1, 0, 0),
(685, '13697631903', 'ÖZHAN', 'YENİDOĞAN', '123456789', '1123249901', 1, 1, 0, 0),
(686, '15832945207', 'TUFAN AKIN', 'SELVİ', '123456789', '1586806069', 8, 1, 0, 0),
(687, '17508573485', 'MANSUR KÜRŞAD', 'ÇAY', '123456789', '1614018773', 6, 1, 0, 0),
(688, '11575794672', 'YAVUZ', 'YAVUZ', '123456789', '1322591860', 1, 1, 0, 0),
(689, '16694817932', 'TURGAY YILMAZ', 'ÖZER', '123456789', '1484065377', 8, 1, 0, 0),
(690, '12860060012', 'MERAL LEMAN', 'KUŞKU', '123456789', '2586366757', 9, 1, 0, 0),
(691, '10617456040', 'MEDİHA', 'AKBULUT', '123456789', '9985376168', 4, 1, 0, 0),
(692, '16040300301', 'MEHMET', 'ÇEVİK', '123456789', '9838284723', 13, 1, 0, 0),
(693, '15039469127', 'BAHATTİN', 'KORKMAZ', '123456789', '1279196920', 11, 1, 0, 0),
(694, '17989469047', 'EYYUP SABRİ', 'YENİDOĞAN', '123456789', '1669380246', 5, 1, 0, 0),
(695, '17946043019', 'MEDİHA', 'TAHTACI', '123456789', '9761577853', 3, 1, 0, 0),
(696, '12342291039', 'BÜNYAMİN', 'AKPINAR', '123456789', '9084476114', 9, 1, 0, 0),
(697, '11811650738', 'TURGAY YILMAZ', 'DAL', '123456789', '6176920644', 3, 1, 0, 0),
(698, '15409017657', 'KUBİLAY', 'ÖZER', '123456789', '7125005331', 10, 1, 0, 0),
(699, '19569616931', 'AHMET', 'ALDİNÇ', '123456789', '4336334065', 9, 1, 0, 0),
(700, '11109732465', 'BÜNYAMİN', 'VURAL', '123456789', '6340327070', 6, 1, 0, 0),
(701, '14566201021', 'BAHATTİN', 'ÇAY', '123456789', '8635921407', 1, 1, 0, 0),
(702, '18403926606', 'EYYUP SABRİ', 'ABACIOĞLU', '123456789', '2856460125', 9, 1, 0, 0),
(703, '19924188414', 'MERAL LEMAN', 'KARABAĞ', '123456789', '7526927530', 11, 1, 0, 0),
(704, '16603872890', 'MAHMUT', 'GİRAY', '123456789', '4965887280', 6, 1, 0, 0),
(705, '14216490777', 'JALE', 'YALÇINKAYA', '123456789', '5940887214', 8, 1, 0, 0),
(706, '16889387719', 'AHMET', 'SÖNMEZ', '123456789', '4367674923', 8, 1, 0, 0),
(707, '13237739416', 'TARKAN', 'YİĞİT', '123456789', '6576849089', 11, 1, 0, 0),
(708, '13607466254', 'FERDİ', 'SEZER', '123456789', '8428379550', 9, 1, 0, 0),
(709, '16978508861', 'HAYATİ', 'ASLAN', '123456789', '4175282300', 9, 1, 0, 0),
(710, '19228225664', 'KENAN AHMET', 'YAVAŞİ', '123456789', '2819222238', 7, 1, 0, 0),
(711, '10172659419', 'FATİH', 'ÇEVİK', '123456789', '6789725650', 13, 1, 0, 0),
(712, '15863564729', 'URAL', 'KAYA', '123456789', '8127185071', 9, 1, 0, 0),
(713, '17987873124', 'GAMZE', 'YİĞİT', '123456789', '2947309168', 9, 1, 0, 0),
(714, '10676076446', 'HAŞİM ONUR', 'CANACANKATAN', '123456789', '5739688471', 3, 1, 0, 0),
(715, '17246819559', 'KENAN AHMET', 'BODUROĞLU', '123456789', '9156398073', 4, 1, 0, 0),
(716, '16190711933', 'YAHYA', 'TÜRKDOĞAN', '123456789', '5236205836', 5, 1, 0, 0),
(717, '15758978747', 'YASER', 'ERGE', '123456789', '8712937099', 10, 1, 0, 0),
(718, '16000862732', 'OKTAY', 'ÖZER', '123456789', '2820348196', 11, 1, 0, 0),
(719, '17646700027', 'REZAN', 'HALHALLI', '123456789', '1043982838', 10, 1, 0, 0),
(720, '11089536272', 'EMRE', 'AYHAN', '123456789', '6761415303', 1, 1, 0, 0),
(721, '14753000291', 'BİRSEN', 'KARABAĞ', '123456789', '2924335797', 9, 1, 0, 0),
(722, '13232145561', 'AHMET ALİ', 'SÖNMEZ', '123456789', '3246676133', 4, 1, 0, 0),
(723, '11909164468', 'MANSUR KÜRŞAD', 'KANDEMİR', '123456789', '7083214151', 2, 1, 0, 0),
(724, '19408123581', 'SERDAL', 'AKKÜÇÜK', '123456789', '1958181201', 6, 1, 0, 0),
(725, '15649268578', 'YASER', 'BARBAROS', '123456789', '8032269841', 5, 1, 0, 0),
(726, '16048361651', 'NEBİ', 'MURT', '123456789', '8150472252', 14, 1, 0, 0),
(727, '16012487513', 'BARIŞ', 'DEĞİRMENCİ', '123456789', '5564292923', 1, 1, 0, 0),
(728, '16306089765', 'MUSTAFA', 'EROĞLU', '123456789', '4142828149', 7, 1, 0, 0),
(729, '11195506987', 'NEBİ', 'YARBİL', '123456789', '4961961490', 3, 1, 0, 0),
(730, '10931717190', 'İSMAİL', 'KAYACAN', '123456789', '7244252355', 5, 1, 0, 0),
(731, '15659125450', 'BAHATTİN', 'AKSEL', '123456789', '6192234917', 11, 1, 0, 0),
(732, '17384790737', 'TESLİME NAZLI', 'SÖNMEZ', '123456789', '2334353514', 14, 1, 0, 0),
(733, '14017212263', 'MAHMUT', 'DEMİR', '123456789', '8324816216', 1, 1, 0, 0),
(734, '14634103010', 'ORHAN', 'YILMAZ', '123456789', '5927335948', 13, 1, 0, 0),
(735, '16935856218', 'NAGİHAN', 'KORKMAZ', '123456789', '7640458799', 13, 1, 0, 0),
(736, '17982668142', 'BÜLENT', 'GÜMÜŞAY', '123456789', '1686124179', 8, 1, 0, 0),
(737, '13620660884', 'FATİH', 'SÖNMEZ', '123456789', '8148480184', 11, 1, 0, 0),
(738, '18696674535', 'AHMET ALİ', 'AYDIN', '123456789', '3610137097', 7, 1, 0, 0),
(739, '15584038612', 'HÜSEYİN YAVUZ', 'ULUÖZ', '123456789', '3197696071', 14, 1, 0, 0),
(740, '16135359301', 'GÖKMEN', 'KAYA', '123456789', '7337382457', 3, 1, 0, 0),
(741, '16178876792', 'BAHRİ', 'ÜZER', '123456789', '7305597668', 8, 1, 0, 0),
(742, '17097848573', 'KAMİL', 'YENİDOĞAN', '123456789', '1898687366', 10, 1, 0, 0),
(743, '12900463705', 'NEBİ', 'TANRIKULU', '123456789', '4331413285', 7, 1, 0, 0),
(744, '12235321358', 'ORHAN', 'ERTEKİN', '123456789', '7880539422', 2, 1, 0, 0),
(745, '12934860783', 'GÜLÇİN', 'KAYA', '123456789', '7660441784', 2, 1, 0, 0),
(746, '11867956533', 'MEHMET', 'GÜLER', '123456789', '8902612561', 11, 1, 0, 0),
(747, '13918261827', 'IRAZCA', 'CANACANKATAN', '123456789', '9951139321', 5, 1, 0, 0),
(748, '16999219932', 'EYYUP SABRİ', 'AYDIN', '123456789', '4793403059', 4, 1, 0, 0),
(749, '11393443959', 'MERAL LEMAN', 'ÇAY', '123456789', '9442112845', 14, 1, 0, 0),
(750, '17005510067', 'HASAN', 'ACARBULUT', '123456789', '7822796701', 3, 1, 0, 0),
(751, '15422609718', 'ÜLKÜ', 'BODUROĞLU', '123456789', '7780322043', 9, 1, 0, 0),
(752, '13133944369', 'MEHMET', 'ASLAN', '123456789', '8665514822', 5, 1, 0, 0),
(753, '18445602472', 'MEHMET', 'YALÇINKAYA', '123456789', '7812809403', 7, 1, 0, 0),
(754, '10911800290', 'YAVUZ', 'PEKTAŞ', '123456789', '2263210753', 9, 1, 0, 0),
(755, '18316068735', 'NALAN', 'ÖĞÜT', '123456789', '5149895770', 3, 1, 0, 0),
(756, '11016533963', 'UFUK', 'SÖNMEZ', '123456789', '4487502351', 11, 1, 0, 0),
(757, '10260328732', 'GÖKHAN', 'DEĞİRMENCİ', '123456789', '9718777785', 14, 1, 0, 0),
(758, '12974693862', 'AHMET ALİ', 'UYANIK', '123456789', '8445306585', 14, 1, 0, 0),
(759, '14374752948', 'TUĞSEM', 'YİĞİT', '123456789', '9048050425', 2, 1, 0, 0),
(760, '18799102019', 'EVREN', 'YILMAZ', '123456789', '7380841854', 11, 1, 0, 0),
(761, '16087003227', 'EVRİM', 'ÖZTÜRK', '123456789', '7028170880', 4, 1, 0, 0),
(762, '14937846684', 'EBRU', 'SEZER', '123456789', '3176057241', 12, 1, 0, 0),
(763, '13936689834', 'ÖZGÜR', 'TURGUT', '123456789', '1144574762', 7, 1, 0, 0),
(764, '11657357445', 'ÖZGÜR', 'AKPINAR', '123456789', '6457951373', 2, 1, 0, 0),
(765, '18921244453', 'BÜLENT', 'YARBİL', '123456789', '8947000924', 11, 1, 0, 0),
(766, '11351049530', 'IRAZCA', 'DEDE', '123456789', '7114570390', 7, 1, 0, 0),
(767, '16481205076', 'OKTAY', 'ORHON', '123456789', '6202020471', 4, 1, 0, 0),
(768, '19320355923', 'KENAN AHMET', 'ULUÖZ', '123456789', '8506069256', 12, 1, 0, 0),
(769, '12142724866', 'EVREN', 'SÜRÜM', '123456789', '5423998203', 1, 1, 0, 0),
(770, '13270437422', 'MUSTAFA', 'ÖĞÜT', '123456789', '9815094402', 3, 1, 0, 0),
(771, '15852164989', 'EBRU', 'KILIÇ', '123456789', '8676086523', 7, 1, 0, 0),
(772, '19632153397', 'EBRU', 'GÜMÜŞ', '123456789', '4057574203', 12, 1, 0, 0),
(773, '18683946356', 'MURAT', 'YAVUZ', '123456789', '4509007230', 13, 1, 0, 0),
(774, '15109874352', 'MEHMET', 'ÇİLDİR', '123456789', '9035317920', 12, 1, 0, 0),
(775, '16266819668', 'EBRU', 'ASLAN', '123456789', '5808077333', 4, 1, 0, 0),
(776, '15472386300', 'YÜCEL', 'KORKMAZ', '123456789', '9506550922', 9, 1, 0, 0),
(777, '15758507678', 'MEHMET', 'TANRIKULU', '123456789', '4971404533', 3, 1, 0, 0),
(778, '15419743137', 'TESLİME NAZLI', 'ÖZTÜRK', '123456789', '3081533437', 12, 1, 0, 0),
(779, '16872462890', 'HASAN', 'TURGUT', '123456789', '3477234755', 4, 1, 0, 0),
(780, '14351976908', 'FATİH', 'TURGUT', '123456789', '2548423968', 1, 1, 0, 0),
(781, '18710020154', 'KAMİL', 'ASLAN', '123456789', '2913519202', 11, 1, 0, 0),
(782, '14492767235', 'GÖKHAN', 'ULUÖZ', '123456789', '8402818466', 7, 1, 0, 0),
(783, '10615787000', 'ÖZEN ÖZLEM', 'EROĞLU', '123456789', '8338475055', 7, 1, 0, 0),
(784, '10077838584', 'ORHAN', 'ERDOĞAN', '123456789', '5258567145', 7, 1, 0, 0),
(785, '11274220351', 'ŞENAY', 'GÜLŞAN', '123456789', '6043569803', 2, 1, 0, 0),
(786, '17106128884', 'TARKAN', 'YENİDOĞAN', '123456789', '5208542245', 11, 1, 0, 0),
(787, '18122283101', 'HÜSEYİN YAVUZ', 'ERASLAN', '123456789', '9805367472', 1, 1, 0, 0),
(788, '10432132079', 'ÖZCAN', 'UZ', '123456789', '5708184870', 4, 1, 0, 0),
(789, '10030597888', 'ORHAN', 'ERKURAN', '123456789', '6009197688', 6, 1, 0, 0),
(790, '12962879138', 'HÜSEYİN CAHİT', 'ÖZTÜRK', '123456789', '9809935886', 2, 1, 0, 0),
(791, '19320449645', 'HASAN', 'ATİK', '123456789', '7324197011', 11, 1, 0, 0),
(792, '18285121660', 'SERDAL', 'ŞEN', '123456789', '9487216302', 13, 1, 0, 0),
(793, '13835873258', 'EBRU', 'TÜTEN', '123456789', '6264495179', 1, 1, 0, 0),
(794, '12205793352', 'BAHRİ', 'ÖNER', '123456789', '9865129268', 12, 1, 0, 0),
(795, '19365256818', 'EVRİM', 'PİŞİRGEN', '123456789', '8119434459', 12, 1, 0, 0),
(796, '19265485674', 'NALAN', 'YILMAZ', '123456789', '2252984286', 12, 1, 0, 0),
(797, '17677847490', 'FATİH', 'DEĞİRMENCİ', '123456789', '7199001502', 7, 1, 0, 0),
(798, '16118670540', 'NEBİ', 'YILDIZ', '123456789', '3522366358', 7, 1, 0, 0),
(799, '14614604257', 'BÜLENT', 'YAVUZ', '123456789', '6724208328', 11, 1, 0, 0),
(800, '16274672673', 'CEREN', 'AYDOĞAN', '123456789', '9457999938', 6, 1, 0, 0),
(801, '14001266636', 'DİLEK', 'MURT', '123456789', '6865758539', 8, 1, 0, 0),
(802, '13595803169', 'ÖZEN ÖZLEM', 'BODUROĞLU', '123456789', '5072683497', 11, 1, 0, 0),
(803, '13126348908', 'BAHATTİN', 'GÜLŞAN', '123456789', '6503119513', 8, 1, 0, 0),
(804, '10034247437', 'AYŞEGÜL', 'AKPINAR', '123456789', '5451286897', 3, 1, 0, 0),
(805, '12821463728', 'ŞENAY', 'ASLAN', '123456789', '6487678019', 8, 1, 0, 0),
(806, '19368315412', 'BENGÜ', 'GÜLER', '123456789', '5775695225', 12, 1, 0, 0),
(807, '14215182017', 'REYHAN', 'GİRAY', '123456789', '2311584451', 8, 1, 0, 0),
(808, '15621940191', 'AYŞEGÜL', 'ÖCAL', '123456789', '2172053499', 11, 1, 0, 0),
(809, '18046256999', 'TUĞSEM', 'SÜRÜM', '123456789', '8116546734', 10, 1, 0, 0),
(810, '10376292493', 'DİLEK', 'KILIÇ', '123456789', '7128689337', 9, 1, 0, 0),
(811, '18839881246', 'ÖZGÜR', 'ERTEKİN', '123456789', '3147526047', 6, 1, 0, 0),
(812, '13415996285', 'ERGÜN', 'ALDİNÇ', '123456789', '6114897301', 7, 1, 0, 0),
(813, '10060351412', 'MİRAÇ', 'YİĞİT', '123456789', '3649789492', 5, 1, 0, 0),
(814, '10777994438', 'ORHAN', 'TAHTACI', '123456789', '5293220254', 8, 1, 0, 0),
(815, '17231012185', 'REYHAN', 'KAYA', '123456789', '2154775873', 1, 1, 0, 0),
(816, '17873658558', 'MURAT', 'BARBAROS', '123456789', '1697027316', 6, 1, 0, 0),
(817, '11961341633', 'ORHAN', 'AYDIN', '123456789', '3654490315', 1, 1, 0, 0),
(818, '16281238415', 'KENAN AHMET', 'ÖNER', '123456789', '5357074121', 7, 1, 0, 0),
(819, '17211062346', 'EBRU', 'KORKMAZ', '123456789', '1323746425', 3, 1, 0, 0),
(820, '15079058079', 'JALE', 'AKPINAR', '123456789', '7721268820', 14, 1, 0, 0),
(821, '18578098779', 'HAŞİM ONUR', 'YARBİL', '123456789', '3096474205', 14, 1, 0, 0),
(822, '12029900829', 'KENAN AHMET', 'ŞELİMAN', '123456789', '4112383375', 10, 1, 0, 0),
(823, '15229462302', 'HAŞİM ONUR', 'ERTEKİN', '123456789', '1598875473', 10, 1, 0, 0),
(824, '13197768483', 'BARIŞ', 'YALÇINKAYA', '123456789', '8864890065', 13, 1, 0, 0),
(825, '19430322164', 'HARUN', 'SELVİ', '123456789', '1647518532', 1, 1, 0, 0),
(826, '13430229295', 'SEMİH', 'ÇEVİK', '123456789', '6390427574', 3, 1, 0, 0),
(827, '14843002694', 'GAMZE', 'MURT', '123456789', '5543858211', 14, 1, 0, 0),
(828, '17831078484', 'HÜSEYİN YAVUZ', 'KUŞKU', '123456789', '7123467923', 14, 1, 0, 0),
(829, '16367569272', 'YUSUF KENAN', 'SARAÇOĞLU', '123456789', '7555152826', 7, 1, 0, 0),
(830, '15497972193', 'İLHAN', 'AYDIN', '123456789', '5397817546', 10, 1, 0, 0),
(831, '14742625364', 'HAŞİM ONUR', 'YAVAŞİ', '123456789', '5010762766', 8, 1, 0, 0),
(832, '12219700997', 'EVRİM', 'PEKTAŞ', '123456789', '4434346182', 9, 1, 0, 0),
(833, '18625738515', 'HÜSEYİN YAVUZ', 'YENİDOĞAN', '123456789', '2285259248', 11, 1, 0, 0),
(834, '14135162438', 'UFUK', 'AKPINAR', '123456789', '8483511643', 6, 1, 0, 0),
(835, '13282932174', 'BAŞAK', 'ÇİLDİR', '123456789', '6371021373', 12, 1, 0, 0),
(836, '18388962612', 'MİRAÇ', 'AKPINAR', '123456789', '8469198379', 11, 1, 0, 0),
(837, '15941108097', 'GÖKMEN', 'ÖĞÜT', '123456789', '8043376818', 3, 1, 0, 0),
(838, '14650262251', 'AHMET', 'UYANIK', '123456789', '7906611022', 4, 1, 0, 0),
(839, '17561781193', 'EMRE', 'YAVUZ', '123456789', '4750062401', 12, 1, 0, 0),
(840, '17568238102', 'EVRİM', 'GÜMÜŞAY', '123456789', '2463639442', 12, 1, 0, 0),
(841, '12567304164', 'MEHMET', 'DOĞAN', '123456789', '2201416705', 12, 1, 0, 0),
(842, '16588015560', 'MEHMET', 'DEDE', '123456789', '7170224953', 11, 1, 0, 0),
(843, '13886356062', 'EVREN', 'DOĞAN', '123456789', '9715382486', 6, 1, 0, 0),
(844, '13300658114', 'BÜLENT', 'ASLAN', '123456789', '4362464464', 7, 1, 0, 0),
(845, '11438612505', 'YASER', 'ŞEYHANLI', '123456789', '9167378325', 10, 1, 0, 0),
(846, '18521422490', 'ERGÜN', 'KULAÇ', '123456789', '1712302975', 6, 1, 0, 0),
(847, '15309788395', 'FATİH NAZMİ', 'SEZER', '123456789', '8731891583', 3, 1, 0, 0),
(848, '10572709358', 'MİRAÇ', 'HALHALLI', '123456789', '8227520877', 6, 1, 0, 0),
(849, '14329464799', 'BÜLENT', 'ERGE', '123456789', '2360499344', 13, 1, 0, 0),
(850, '14842661482', 'ÖZEN ÖZLEM', 'AKSEL', '123456789', '3655276738', 10, 1, 0, 0),
(851, '15334837541', 'MİRAÇ', 'BARBAROS', '123456789', '6235194107', 9, 1, 0, 0),
(852, '14253796749', 'REYHAN', 'VURAL', '123456789', '5037219597', 10, 1, 0, 0),
(853, '17649735313', 'KENAN AHMET', 'ŞEYHANLI', '123456789', '9389726822', 12, 1, 0, 0),
(854, '13354564387', 'KENAN AHMET', 'AYHAN', '123456789', '9077898608', 8, 1, 0, 0),
(855, '11925954847', 'MEHMET', 'KULAKSIZ', '123456789', '4792947998', 3, 1, 0, 0),
(856, '10515281048', 'SEMİH', 'ERDEM', '123456789', '4051918472', 13, 1, 0, 0),
(857, '18756046260', 'NALAN', 'ORHON', '123456789', '3450701052', 5, 1, 0, 0),
(858, '17182959892', 'URAL', 'ERKURAN', '123456789', '5248994919', 9, 1, 0, 0),
(859, '13463557327', 'YASER', 'PİŞİRGEN', '123456789', '7959301895', 7, 1, 0, 0),
(860, '15773401661', 'KUBİLAY', 'KOÇ', '123456789', '3489352833', 9, 1, 0, 0),
(861, '10366225923', 'ŞENAY', 'ÇİLDİR', '123456789', '8295559618', 12, 1, 0, 0),
(862, '14860803291', 'HAYATİ', 'ÇAY', '123456789', '9904359953', 3, 1, 0, 0),
(863, '11180421619', 'BİRSEN', 'CANACANKATAN', '123456789', '9148091004', 5, 1, 0, 0),
(864, '17895784646', 'ÖZHAN', 'ÇEVİK', '123456789', '2298782184', 12, 1, 0, 0),
(865, '17454964527', 'BİRSEN', 'AKBULUT', '123456789', '2144135810', 6, 1, 0, 0),
(866, '14235417432', 'BÜLENT', 'ERKURAN', '123456789', '3339483457', 10, 1, 0, 0),
(867, '17940990656', 'HAYATİ', 'ERTEKİN', '123456789', '2735557123', 3, 1, 0, 0),
(868, '14436376081', 'BARIŞ', 'GÜLER', '123456789', '9793808660', 6, 1, 0, 0),
(869, '14501876637', 'HATİCE', 'AYDOĞAN', '123456789', '1978977222', 6, 1, 0, 0),
(870, '13326662093', 'BENGÜ', 'ALDİNÇ', '123456789', '6478304311', 14, 1, 0, 0),
(871, '19325456018', 'GÜLDEHEN', 'ERDEM', '123456789', '6668512442', 8, 1, 0, 0),
(872, '12542572803', 'YUSUF KENAN', 'SEZER', '123456789', '5286337471', 3, 1, 0, 0),
(873, '10030503615', 'ALİ', 'TAHTACI', '123456789', '3178235882', 3, 1, 0, 0),
(874, '13219578598', 'JALE', 'YÜCEL', '123456789', '3528600851', 6, 1, 0, 0),
(875, '18432173708', 'GÜLŞAH', 'ŞEN', '123456789', '1068748034', 14, 1, 0, 0),
(876, '14668501815', 'EBRU', 'DEMİR', '123456789', '1750849243', 12, 1, 0, 0),
(877, '14313190432', 'MURAT', 'KOÇ', '123456789', '3254511561', 8, 1, 0, 0),
(878, '19640701668', 'ÖZGÜR', 'YİĞİT', '123456789', '1426765715', 5, 1, 0, 0),
(879, '11115299398', 'JALE', 'TÜLÜBAŞ', '123456789', '5197702584', 12, 1, 0, 0),
(880, '14969796510', 'HAŞİM ONUR', 'ÇALIŞKANTÜRK', '123456789', '6450072552', 9, 1, 0, 0),
(881, '17431705127', 'ERGÜN', 'TANRIKULU', '123456789', '3308727303', 7, 1, 0, 0),
(882, '16364402725', 'UFUK', 'ŞELİMAN', '123456789', '8599437203', 9, 1, 0, 0),
(883, '19869183539', 'SERKAN', 'KAYACAN', '123456789', '3931579270', 11, 1, 0, 0),
(884, '14147247914', 'FATİH', 'TEKİN', '123456789', '2468398787', 3, 1, 0, 0),
(885, '14409183273', 'HAŞİM ONUR', 'ŞEN', '123456789', '8405148552', 7, 1, 0, 0),
(886, '13323897157', 'TURGAY YILMAZ', 'ÖĞÜT', '123456789', '1602256230', 9, 1, 0, 0),
(887, '11584189242', 'AHMET', 'YAVAŞİ', '123456789', '6396632362', 3, 1, 0, 0),
(888, '15457116292', 'MURAT', 'ÇİLDİR', '123456789', '9777425409', 5, 1, 0, 0),
(889, '18733601716', 'MESUDE', 'ŞELİMAN', '123456789', '7384285006', 8, 1, 0, 0),
(890, '10292262808', 'YUSUF KENAN', 'ŞEYHANLI', '123456789', '4976450045', 13, 1, 0, 0),
(891, '11473267653', 'DİLEK', 'TÜLÜBAŞ', '123456789', '1079874524', 9, 1, 0, 0),
(892, '12978770093', 'MURAT', 'AYDOĞAN', '123456789', '1479799768', 13, 1, 0, 0),
(893, '17609790234', 'SELMA', 'GİRAY', '123456789', '2418968223', 4, 1, 0, 0),
(894, '14225146491', 'OKTAY', 'PEKTAŞ', '123456789', '8042005756', 4, 1, 0, 0),
(895, '17205432629', 'MERAL LEMAN', 'YENİDOĞAN', '123456789', '1794244879', 2, 1, 0, 0),
(896, '14138493820', 'GÜLDEHEN', 'ÖĞÜT', '123456789', '9018040026', 12, 1, 0, 0),
(897, '10121711707', 'UFUK', 'ADANIR', '123456789', '2212010526', 9, 1, 0, 0),
(898, '19342526879', 'MANSUR KÜRŞAD', 'ŞEYHANLI', '123456789', '3801241488', 3, 1, 0, 0),
(899, '13842386556', 'NEBİ', 'KÜFECİLER', '123456789', '7660989852', 1, 1, 0, 0),
(900, '15117635690', 'CEREN', 'KUŞKU', '123456789', '7104070581', 3, 1, 0, 0),
(901, '13213419269', 'AYŞEGÜL', 'ERASLAN', '123456789', '8040453788', 14, 1, 0, 0),
(902, '15262617006', 'ÖZCAN', 'YÜZBAŞIOĞLU', '123456789', '7302743152', 11, 1, 0, 0),
(903, '18788520067', 'MUSTAFA', 'HALHALLI', '123456789', '2846224003', 4, 1, 0, 0),
(904, '13611532439', 'ŞENAY', 'GÜLŞAN', '123456789', '8354161669', 6, 1, 0, 0),
(905, '12369848355', 'SERKAN', 'TAHTACI', '123456789', '3267533753', 7, 1, 0, 0),
(906, '13717713154', 'ORHAN', 'AYDOĞAN', '123456789', '5683241533', 7, 1, 0, 0),
(907, '12073676828', 'NEBİ', 'TURGUT', '123456789', '5762858608', 1, 1, 0, 0),
(908, '10358221240', 'SERKAN', 'DAL', '123456789', '8081739858', 8, 1, 0, 0),
(909, '11227127885', 'MUSTAFA', 'VURAL', '123456789', '4359524729', 8, 1, 0, 0),
(910, '11461426384', 'FUAT', 'ABACIOĞLU', '123456789', '6328258613', 7, 1, 0, 0),
(911, '19261710375', 'HAYATİ', 'ÇAY', '123456789', '7915974924', 4, 1, 0, 0),
(912, '10148984852', 'GÜLŞAH', 'TÜRKDOĞAN', '123456789', '8952481130', 5, 1, 0, 0),
(913, '19528949627', 'PINAR', 'KORKMAZ', '123456789', '6785471818', 3, 1, 0, 0),
(914, '18202066973', 'ÖZEN ÖZLEM', 'GÜMÜŞAY', '123456789', '2377359919', 6, 1, 0, 0),
(915, '10281180060', 'GÖKMEN', 'YAVUZ', '123456789', '1087644037', 9, 1, 0, 0),
(916, '14328700113', 'TÜMAY', 'KARAKUM', '123456789', '9990371313', 7, 1, 0, 0),
(917, '14111923797', 'DİLEK', 'ÇALIŞKANTÜRK', '123456789', '8827712159', 13, 1, 0, 0),
(918, '14368371056', 'JALE', 'AKSEL', '123456789', '6596998463', 2, 1, 0, 0),
(919, '10208553037', 'İLHAN', 'KOÇ', '123456789', '6508808956', 3, 1, 0, 0),
(920, '13995934066', 'EVREN', 'BÜYÜKCAM', '123456789', '4723180581', 2, 1, 0, 0),
(921, '15695967549', 'ERGÜN', 'IŞIK', '123456789', '7176380170', 8, 1, 0, 0),
(922, '15774687810', 'GAMZE', 'ALDİNÇ', '123456789', '3304229038', 2, 1, 0, 0),
(923, '16272311483', 'TUĞSEM', 'TAHTACI', '123456789', '4329697207', 7, 1, 0, 0),
(924, '17905172066', 'YAHYA', 'ALDİNÇ', '123456789', '2360364479', 10, 1, 0, 0),
(925, '12811736031', 'GÖKMEN', 'TÜRKDOĞAN', '123456789', '5646163774', 13, 1, 0, 0),
(926, '10149171409', 'TUFAN AKIN', 'YALÇINKAYA', '123456789', '9772345548', 13, 1, 0, 0),
(927, '11829184724', 'AHMET', 'TANRIKULU', '123456789', '4132718786', 4, 1, 0, 0),
(928, '10616931176', 'İLHAN', 'ÖZDEMİR', '123456789', '4588499859', 5, 1, 0, 0),
(929, '10343228969', 'ERGÜN', 'GÜMÜŞ', '123456789', '5499883328', 7, 1, 0, 0),
(930, '14393606466', 'EBRU', 'TANRIKULU', '123456789', '3348755417', 13, 1, 0, 0),
(931, '13589253645', 'TESLİME NAZLI', 'ALMACIOĞLU', '123456789', '4108781135', 6, 1, 0, 0),
(932, '14250214852', 'BÜNYAMİN', 'PİŞİRGEN', '123456789', '7489264445', 5, 1, 0, 0),
(933, '11494231125', 'ERGÜN', 'HALHALLI', '123456789', '1525212433', 3, 1, 0, 0),
(934, '11184647265', 'ÜLKÜ', 'GÜLER', '123456789', '9059007491', 1, 1, 0, 0),
(935, '10463793911', 'MEHMET', 'ADANIR', '123456789', '6074695640', 8, 1, 0, 0),
(936, '10018944878', 'HARUN', 'IŞIK', '123456789', '2013352489', 13, 1, 0, 0),
(937, '13382785793', 'REZAN', 'YILMAZ', '123456789', '4369279228', 2, 1, 0, 0),
(938, '17795436667', 'SEMİH', 'GÜLER', '123456789', '8324454352', 12, 1, 0, 0),
(939, '11645454326', 'MİRAÇ', 'ÇEVİK', '123456789', '7032785177', 6, 1, 0, 0),
(940, '19553382615', 'AHMET', 'AKPINAR', '123456789', '1794936688', 3, 1, 0, 0),
(941, '17363401622', 'NALAN', 'ŞEYHANLI', '123456789', '3099051506', 7, 1, 0, 0),
(942, '14327459466', 'EVREN', 'UZ', '123456789', '2787727882', 9, 1, 0, 0),
(943, '17421611630', 'MEHMET', 'SÖNMEZ', '123456789', '3363839842', 2, 1, 0, 0),
(944, '12732568365', 'ÇETİN', 'ÇİLDİR', '123456789', '3428186187', 11, 1, 0, 0),
(945, '16455394355', 'TESLİME NAZLI', 'KAYA', '123456789', '8435190625', 14, 1, 0, 0),
(946, '10974605895', 'ALİ', 'ATİK', '123456789', '4854575287', 1, 1, 0, 0),
(947, '12986174248', 'HARUN', 'KAYA', '123456789', '8893663354', 3, 1, 0, 0),
(948, '15347463233', 'ÖZGÜR', 'ACARBULUT', '123456789', '5531195897', 5, 1, 0, 0),
(949, '10446096181', 'CEREN', 'KANDEMİR', '123456789', '2605720714', 9, 1, 0, 0),
(950, '14638737010', 'HASAN', 'KARAKUM', '123456789', '2520303991', 3, 1, 0, 0),
(951, '14920449676', 'DİLEK', 'ALDİNÇ', '123456789', '3617884808', 9, 1, 0, 0),
(952, '18782343669', 'MEHMET', 'HALHALLI', '123456789', '8194590693', 9, 1, 0, 0),
(953, '17407009548', 'MUSTAFA', 'ÇAY', '123456789', '5865830557', 12, 1, 0, 0),
(954, '16724569879', 'MERAL LEMAN', 'KÜFECİLER', '123456789', '5491410347', 12, 1, 0, 0),
(955, '13378068252', 'GÖKHAN', 'TÜTEN', '123456789', '3770355340', 11, 1, 0, 0),
(956, '17167552934', 'TARKAN', 'ERTEKİN', '123456789', '1661738599', 6, 1, 0, 0),
(957, '17719218733', 'HÜSEYİN CAHİT', 'GİRAY', '123456789', '3026167916', 8, 1, 0, 0),
(958, '17820750741', 'ÖZEN ÖZLEM', 'ABACIOĞLU', '123456789', '7597234062', 3, 1, 0, 0),
(959, '16124755571', 'İSMAİL', 'UYANIK', '123456789', '3596478190', 8, 1, 0, 0),
(960, '15434103955', 'FATİH', 'ÖZTÜRK', '123456789', '7552149984', 13, 1, 0, 0),
(961, '19416251007', 'EBRU', 'ERASLAN', '123456789', '1541644014', 3, 1, 0, 0),
(962, '15902078310', 'KENAN AHMET', 'VURAL', '123456789', '8281396750', 4, 1, 0, 0),
(963, '14305589239', 'GÖKMEN', 'KAYA', '123456789', '2678020764', 1, 1, 0, 0),
(964, '11806288435', 'GAMZE', 'ÖNER', '123456789', '8069693110', 6, 1, 0, 0),
(965, '10828166697', 'SERDAL', 'GÜLŞAN', '123456789', '5624953628', 1, 1, 0, 0),
(966, '10092444819', 'MESUDE', 'ABACIOĞLU', '123456789', '4724897807', 12, 1, 0, 0),
(967, '12312249495', 'BÜLENT', 'SÜRÜM', '123456789', '6807915529', 13, 1, 0, 0),
(968, '15075270234', 'GÜLDEHEN', 'KANDEMİR', '123456789', '6046989007', 5, 1, 0, 0),
(969, '13782909825', 'TESLİME NAZLI', 'ÇALIŞKANTÜRK', '123456789', '5653338499', 13, 1, 0, 0),
(970, '12422027672', 'TURGAY YILMAZ', 'ALDİNÇ', '123456789', '5681463338', 5, 1, 0, 0),
(971, '12023235193', 'BEDRİYE MÜGE', 'ALDİNÇ', '123456789', '8703285254', 1, 1, 0, 0),
(972, '13016668355', 'UMUT', 'PEKTAŞ', '123456789', '5148673370', 5, 1, 0, 0),
(973, '19827362104', 'EYYUP SABRİ', 'ÖCAL', '123456789', '7265544518', 11, 1, 0, 0),
(974, '12602556779', 'GÖKHAN', 'GÜLER', '123456789', '8136713819', 12, 1, 0, 0),
(975, '12687325262', 'HÜSEYİN CAHİT', 'AYDIN', '123456789', '5428819910', 14, 1, 0, 0),
(976, '10174314073', 'YAVUZ', 'KARAKUM', '123456789', '3525658132', 8, 1, 0, 0),
(977, '10780440640', 'BÜLENT', 'AYDOĞAN', '123456789', '8178605507', 8, 1, 0, 0),
(978, '13758589116', 'ÜLKÜ', 'SÜRÜM', '123456789', '9098763277', 6, 1, 0, 0),
(979, '12437373540', 'SERKAN', 'YİĞİT', '123456789', '7376302249', 11, 1, 0, 0),
(980, '18296476181', 'GÖKHAN', 'ASLAN', '123456789', '1243141425', 5, 1, 0, 0),
(981, '16452013796', 'FULYA', 'ERDEM', '123456789', '1208737963', 13, 1, 0, 0),
(982, '19468404360', 'MURAT', 'GÜMÜŞAY', '123456789', '8427715091', 8, 1, 0, 0),
(983, '19845386140', 'KENAN AHMET', 'ORHON', '123456789', '5585098315', 1, 1, 0, 0),
(984, '13475045991', 'GÜLDEHEN', 'AKPINAR', '123456789', '5087743413', 13, 1, 0, 0),
(985, '16246006738', 'MUSTAFA', 'PİŞİRGEN', '123456789', '4672316971', 14, 1, 0, 0),
(986, '15002487213', 'MESUDE', 'YILDIZ', '123456789', '8001697553', 14, 1, 0, 0),
(987, '13683476625', 'YASER', 'SÜRÜM', '123456789', '9804495301', 13, 1, 0, 0),
(988, '15447595615', 'MURAT', 'AKPINAR', '123456789', '7001415099', 3, 1, 0, 0),
(989, '11569181168', 'EMRE', 'KAYAYURT', '123456789', '9492068930', 2, 1, 0, 0),
(990, '17941170563', 'SERKAN', 'ERDOĞAN', '123456789', '5264194201', 2, 1, 0, 0),
(991, '13100760059', 'KUBİLAY', 'TAHTACI', '123456789', '5325508661', 1, 1, 0, 0),
(992, '15790059322', 'GÖKHAN', 'ÖZTÜRK', '123456789', '8261640713', 11, 1, 0, 0),
(993, '14708709835', 'TARKAN', 'AKKÜÇÜK', '123456789', '1434898063', 7, 1, 0, 0),
(994, '17444813362', 'MEHMET', 'ERTEKİN', '123456789', '2070190166', 3, 1, 0, 0),
(995, '19003851142', 'TESLİME NAZLI', 'PEKTAŞ', '123456789', '2017642531', 3, 1, 0, 0),
(996, '16189777645', 'HAŞİM ONUR', 'ÇAY', '123456789', '7426429558', 6, 1, 0, 0),
(997, '13963980456', 'FATİH', 'DOĞAN', '123456789', '7048660652', 3, 1, 0, 0),
(998, '17379430232', 'AHMET', 'ACARBULUT', '123456789', '1847903124', 9, 1, 0, 0),
(999, '15336241339', 'MEHMET', 'KÜFECİLER', '123456789', '7846089490', 14, 1, 0, 0),
(1000, '11699296421', 'EMRE', 'KULAÇ', '123456789', '3856056076', 7, 1, 0, 0),
(1001, '1', 'Dwayne', 'Johnson', '1', '1', 3, 1, 2.43, 4);

-- --------------------------------------------------------

--
-- Tablo için tablo yapısı `student_courses`
--

CREATE TABLE `student_courses` (
  `student_id` int(11) NOT NULL,
  `course_id` int(11) NOT NULL,
  `average` int(11) NOT NULL,
  `student_semester` int(11) NOT NULL
) ENGINE=InnoDB DEFAULT CHARSET=utf8mb4 COLLATE=utf8mb4_general_ci;

--
-- Tablo döküm verisi `student_courses`
--

INSERT INTO `student_courses` (`student_id`, `course_id`, `average`, `student_semester`) VALUES
(1001, 799, 75, 1),
(1001, 807, 56, 1);

-- --------------------------------------------------------

--
-- Tablo için tablo yapısı `student_internships`
--

CREATE TABLE `student_internships` (
  `student_id` int(11) NOT NULL,
  `internship_id` int(11) NOT NULL
) ENGINE=InnoDB DEFAULT CHARSET=utf8mb4 COLLATE=utf8mb4_general_ci;

--
-- Tablo döküm verisi `student_internships`
--

INSERT INTO `student_internships` (`student_id`, `internship_id`) VALUES
(1001, 1);

--
-- Dökümü yapılmış tablolar için indeksler
--

--
-- Tablo için indeksler `academics`
--
ALTER TABLE `academics`
  ADD PRIMARY KEY (`id`),
  ADD KEY `department_id` (`department_id`);

--
-- Tablo için indeksler `academics_courses`
--
ALTER TABLE `academics_courses`
  ADD KEY `academic_id` (`academic_id`),
  ADD KEY `course_id` (`course_id`);

--
-- Tablo için indeksler `consultants`
--
ALTER TABLE `consultants`
  ADD KEY `academic_id` (`academic_id`),
  ADD KEY `student_id` (`student_id`);

--
-- Tablo için indeksler `courses`
--
ALTER TABLE `courses`
  ADD PRIMARY KEY (`id`),
  ADD KEY `department_id` (`department_id`);

--
-- Tablo için indeksler `course_registeration_requests`
--
ALTER TABLE `course_registeration_requests`
  ADD PRIMARY KEY (`id`);

--
-- Tablo için indeksler `departments`
--
ALTER TABLE `departments`
  ADD PRIMARY KEY (`id`);

--
-- Tablo için indeksler `exams`
--
ALTER TABLE `exams`
  ADD PRIMARY KEY (`id`),
  ADD KEY `course_id` (`course_id`),
  ADD KEY `academic_id` (`academic_id`);

--
-- Tablo için indeksler `grades`
--
ALTER TABLE `grades`
  ADD KEY `exam_id` (`exam_id`),
  ADD KEY `student_id` (`student_id`);

--
-- Tablo için indeksler `internships`
--
ALTER TABLE `internships`
  ADD PRIMARY KEY (`id`);

--
-- Tablo için indeksler `internship_registeration_requests`
--
ALTER TABLE `internship_registeration_requests`
  ADD PRIMARY KEY (`id`),
  ADD KEY `internship_id` (`internship_id`);

--
-- Tablo için indeksler `students`
--
ALTER TABLE `students`
  ADD PRIMARY KEY (`id`),
  ADD KEY `department_id` (`department_id`);

--
-- Tablo için indeksler `student_courses`
--
ALTER TABLE `student_courses`
  ADD KEY `course_id` (`course_id`),
  ADD KEY `student_id` (`student_id`);

--
-- Tablo için indeksler `student_internships`
--
ALTER TABLE `student_internships`
  ADD KEY `student_id` (`student_id`),
  ADD KEY `internship_id` (`internship_id`);

--
-- Dökümü yapılmış tablolar için AUTO_INCREMENT değeri
--

--
-- Tablo için AUTO_INCREMENT değeri `academics`
--
ALTER TABLE `academics`
  MODIFY `id` int(11) NOT NULL AUTO_INCREMENT, AUTO_INCREMENT=143;

--
-- Tablo için AUTO_INCREMENT değeri `courses`
--
ALTER TABLE `courses`
  MODIFY `id` int(11) NOT NULL AUTO_INCREMENT, AUTO_INCREMENT=1202;

--
-- Tablo için AUTO_INCREMENT değeri `course_registeration_requests`
--
ALTER TABLE `course_registeration_requests`
  MODIFY `id` int(11) NOT NULL AUTO_INCREMENT, AUTO_INCREMENT=9;

--
-- Tablo için AUTO_INCREMENT değeri `departments`
--
ALTER TABLE `departments`
  MODIFY `id` int(11) NOT NULL AUTO_INCREMENT, AUTO_INCREMENT=15;

--
-- Tablo için AUTO_INCREMENT değeri `exams`
--
ALTER TABLE `exams`
  MODIFY `id` int(11) NOT NULL AUTO_INCREMENT, AUTO_INCREMENT=10;

--
-- Tablo için AUTO_INCREMENT değeri `internships`
--
ALTER TABLE `internships`
  MODIFY `id` int(11) NOT NULL AUTO_INCREMENT, AUTO_INCREMENT=2;

--
-- Tablo için AUTO_INCREMENT değeri `internship_registeration_requests`
--
ALTER TABLE `internship_registeration_requests`
  MODIFY `id` int(11) NOT NULL AUTO_INCREMENT, AUTO_INCREMENT=2;

--
-- Tablo için AUTO_INCREMENT değeri `students`
--
ALTER TABLE `students`
  MODIFY `id` int(11) NOT NULL AUTO_INCREMENT, AUTO_INCREMENT=1002;

--
-- Dökümü yapılmış tablolar için kısıtlamalar
--

--
-- Tablo kısıtlamaları `academics`
--
ALTER TABLE `academics`
  ADD CONSTRAINT `academics_ibfk_1` FOREIGN KEY (`department_id`) REFERENCES `departments` (`id`);

--
-- Tablo kısıtlamaları `academics_courses`
--
ALTER TABLE `academics_courses`
  ADD CONSTRAINT `academics_courses_ibfk_1` FOREIGN KEY (`academic_id`) REFERENCES `academics` (`id`),
  ADD CONSTRAINT `academics_courses_ibfk_2` FOREIGN KEY (`course_id`) REFERENCES `courses` (`id`);

--
-- Tablo kısıtlamaları `consultants`
--
ALTER TABLE `consultants`
  ADD CONSTRAINT `consultants_ibfk_1` FOREIGN KEY (`academic_id`) REFERENCES `academics` (`id`),
  ADD CONSTRAINT `consultants_ibfk_2` FOREIGN KEY (`student_id`) REFERENCES `students` (`id`);

--
-- Tablo kısıtlamaları `courses`
--
ALTER TABLE `courses`
  ADD CONSTRAINT `courses_ibfk_1` FOREIGN KEY (`department_id`) REFERENCES `departments` (`id`);

--
-- Tablo kısıtlamaları `exams`
--
ALTER TABLE `exams`
  ADD CONSTRAINT `exams_ibfk_1` FOREIGN KEY (`course_id`) REFERENCES `courses` (`id`),
  ADD CONSTRAINT `exams_ibfk_2` FOREIGN KEY (`academic_id`) REFERENCES `academics` (`id`);

--
-- Tablo kısıtlamaları `grades`
--
ALTER TABLE `grades`
  ADD CONSTRAINT `grades_ibfk_1` FOREIGN KEY (`exam_id`) REFERENCES `exams` (`id`),
  ADD CONSTRAINT `grades_ibfk_2` FOREIGN KEY (`student_id`) REFERENCES `students` (`id`);

--
-- Tablo kısıtlamaları `internship_registeration_requests`
--
ALTER TABLE `internship_registeration_requests`
  ADD CONSTRAINT `internship_registeration_requests_ibfk_1` FOREIGN KEY (`internship_id`) REFERENCES `internships` (`id`);

--
-- Tablo kısıtlamaları `students`
--
ALTER TABLE `students`
  ADD CONSTRAINT `students_ibfk_1` FOREIGN KEY (`department_id`) REFERENCES `departments` (`id`);

--
-- Tablo kısıtlamaları `student_courses`
--
ALTER TABLE `student_courses`
  ADD CONSTRAINT `student_courses_ibfk_1` FOREIGN KEY (`course_id`) REFERENCES `courses` (`id`),
  ADD CONSTRAINT `student_courses_ibfk_2` FOREIGN KEY (`student_id`) REFERENCES `students` (`id`);

--
-- Tablo kısıtlamaları `student_internships`
--
ALTER TABLE `student_internships`
  ADD CONSTRAINT `student_internships_ibfk_1` FOREIGN KEY (`student_id`) REFERENCES `students` (`id`),
  ADD CONSTRAINT `student_internships_ibfk_2` FOREIGN KEY (`internship_id`) REFERENCES `internships` (`id`);
COMMIT;

/*!40101 SET CHARACTER_SET_CLIENT=@OLD_CHARACTER_SET_CLIENT */;
/*!40101 SET CHARACTER_SET_RESULTS=@OLD_CHARACTER_SET_RESULTS */;
/*!40101 SET COLLATION_CONNECTION=@OLD_COLLATION_CONNECTION */;
